codigo_variavel,nome_semantico,valor,descricao_valor,parte,meses
A001A,condicao_domicilio,1,Pessoa responsável pelo domicílio,Parte A - Características gerais dos moradores,"092020,102020,112020"
A001A,condicao_domicilio,10,Neto(a),Parte A - Características gerais dos moradores,"092020,102020,112020"
A001A,condicao_domicilio,11,Bisneto(a),Parte A - Características gerais dos moradores,"092020,102020,112020"
A001A,condicao_domicilio,12,Irmão ou irmã,Parte A - Características gerais dos moradores,"092020,102020,112020"
A001A,condicao_domicilio,13,Avô ou avó,Parte A - Características gerais dos moradores,"092020,102020,112020"
A001A,condicao_domicilio,14,Outro parente,Parte A - Características gerais dos moradores,"092020,102020,112020"
A001A,condicao_domicilio,15,Agregado(a) - Não parente que não compartilha despesas,Parte A - Características gerais dos moradores,"092020,102020,112020"
A001A,condicao_domicilio,16,Convivente - Não parente que compartilha despesas,Parte A - Características gerais dos moradores,"092020,102020,112020"
A001A,condicao_domicilio,17,Pensionista,Parte A - Características gerais dos moradores,"092020,102020,112020"
A001A,condicao_domicilio,18,Empregado(a) doméstico(a),Parte A - Características gerais dos moradores,"092020,102020,112020"
A001A,condicao_domicilio,19,Parente do(a) empregado(a) doméstico(a),Parte A - Características gerais dos moradores,"092020,102020,112020"
A001A,condicao_domicilio,2,Cônjuge ou companheiro(a) de sexo diferente,Parte A - Características gerais dos moradores,"092020,102020,112020"
A001A,condicao_domicilio,3,Cônjuge ou companheiro(a) do mesmo sexo,Parte A - Características gerais dos moradores,"092020,102020,112020"
A001A,condicao_domicilio,4,Filho(a) do responsável e do cônjuge,Parte A - Características gerais dos moradores,"092020,102020,112020"
A001A,condicao_domicilio,5,Filho(a) somente do responsável,Parte A - Características gerais dos moradores,"092020,102020,112020"
A001A,condicao_domicilio,6,Filho(a) somente do cônjuge,Parte A - Características gerais dos moradores,"092020,102020,112020"
A001A,condicao_domicilio,7,Genro ou nora,Parte A - Características gerais dos moradores,"092020,102020,112020"
A001A,condicao_domicilio,8,"Pai, mãe, padrasto ou madrasta",Parte A - Características gerais dos moradores,"092020,102020,112020"
A001A,condicao_domicilio,9,Sogro(a),Parte A - Características gerais dos moradores,"092020,102020,112020"
A001B1,dia_nascimento,01 a 31,Dia de nascimento,Parte A - Características gerais dos moradores,"092020,102020,112020"
A001B1,dia_nascimento,99,Não informado,Parte A - Características gerais dos moradores,"092020,102020,112020"
A001B2,mes_nascimento,01 a 12,Mês,Parte A - Características gerais dos moradores,"092020,102020,112020"
A001B2,mes_nascimento,99,Não informado,Parte A - Características gerais dos moradores,"092020,102020,112020"
A001B3,ano_nascimento,Ano de referência menos 130 até ano de referência,Ano,Parte A - Características gerais dos moradores,"092020,102020,112020"
A002,idade,000 a 130,Idade (em anos),Parte A - Características gerais dos moradores,"092020,102020,112020"
A003,sexo,1,Homem,Parte A - Características gerais dos moradores,"092020,102020,112020"
A003,sexo,2,Mulher,Parte A - Características gerais dos moradores,"092020,102020,112020"
A004,cor_raca,1,Branca,Parte A - Características gerais dos moradores,"092020,102020,112020"
A004,cor_raca,2,Preta,Parte A - Características gerais dos moradores,"092020,102020,112020"
A004,cor_raca,3,Amarela,Parte A - Características gerais dos moradores,"092020,102020,112020"
A004,cor_raca,4,Parda,Parte A - Características gerais dos moradores,"092020,102020,112020"
A004,cor_raca,5,Indígena,Parte A - Características gerais dos moradores,"092020,102020,112020"
A004,cor_raca,9,Ignorado,Parte A - Características gerais dos moradores,"092020,102020,112020"
A005,escolaridade,1,Sem instrução,Parte A - Características gerais dos moradores,"092020,102020,112020"
A005,escolaridade,2,Fundamental incompleto,Parte A - Características gerais dos moradores,"092020,102020,112020"
A005,escolaridade,3,Fundamental completa,Parte A - Características gerais dos moradores,"092020,102020,112020"
A005,escolaridade,4,Médio incompleto,Parte A - Características gerais dos moradores,"092020,102020,112020"
A005,escolaridade,5,Médio completo,Parte A - Características gerais dos moradores,"092020,102020,112020"
A005,escolaridade,6,Superior incompleto,Parte A - Características gerais dos moradores,"092020,102020,112020"
A005,escolaridade,7,Superior completo,Parte A - Características gerais dos moradores,"092020,102020,112020"
A005,escolaridade,8,"Pós-graduação, mestrado ou doutorado",Parte A - Características gerais dos moradores,"092020,102020,112020"
A006,tem_plano_saude,,Não aplicável,Parte A - Características gerais dos moradores,"092020,102020,112020"
A006,tem_plano_saude,1,Sim,Parte A - Características gerais dos moradores,"092020,102020,112020"
A006,tem_plano_saude,2,Não,Parte A - Características gerais dos moradores,"092020,102020,112020"
A006A,escola_escola_faculdade_frequenta_publica_privada,,Não aplicável,Parte A - Características gerais dos moradores,112020
A006A,escola_escola_faculdade_frequenta_publica_privada,1,Pública,Parte A - Características gerais dos moradores,112020
A006A,escola_escola_faculdade_frequenta_publica_privada,2,Privada,Parte A - Características gerais dos moradores,112020
A006B,aulas_presenciais,,Não aplicável,Parte A - Características gerais dos moradores,112020
A006B,aulas_presenciais,1,"Sim, normalmente",Parte A - Características gerais dos moradores,112020
A006B,aulas_presenciais,2,"Sim, mas apenas parcialmente",Parte A - Características gerais dos moradores,112020
A006B,aulas_presenciais,3,"Não, e meu normalmente é presencial/semipresencial",Parte A - Características gerais dos moradores,112020
A006B,aulas_presenciais,4,"Não, meu curso é online",Parte A - Características gerais dos moradores,112020
A007,area_urbana_rural,,Não aplicável,Parte A - Características gerais dos moradores,"092020,102020,112020"
A007,area_urbana_rural,1,"Sim, e realizou pelo menos parte delas",Parte A - Características gerais dos moradores,"092020,102020,112020"
A007,area_urbana_rural,2,"Sim, mas não realizou (por qualquer motivo)",Parte A - Características gerais dos moradores,"092020,102020,112020"
A007,area_urbana_rural,3,Não,Parte A - Características gerais dos moradores,"092020,102020,112020"
A007,area_urbana_rural,4,"Não, porque estava de férias",Parte A - Características gerais dos moradores,"092020,102020,112020"
A007A,nao_realizou_atividades_disponibilizadas_semana_passada,,Não aplicável,Parte A - Características gerais dos moradores,112020
A007A,nao_realizou_atividades_disponibilizadas_semana_passada,1,Não tinha computador / tablet / celular disponível,Parte A - Características gerais dos moradores,112020
A007A,nao_realizou_atividades_disponibilizadas_semana_passada,2,Não tinha acesso à internet ou a qualidade dela era insuficiente,Parte A - Características gerais dos moradores,112020
A007A,nao_realizou_atividades_disponibilizadas_semana_passada,3,Por problemas de saúde da própria pessoa,Parte A - Características gerais dos moradores,112020
A007A,nao_realizou_atividades_disponibilizadas_semana_passada,4,"Tinha que cuidar dos afazeres domésticos, do(s) filhos ou de outro(s) parentes",Parte A - Características gerais dos moradores,112020
A007A,nao_realizou_atividades_disponibilizadas_semana_passada,5,Não conseguiu se concentrar,Parte A - Características gerais dos moradores,112020
A007A,nao_realizou_atividades_disponibilizadas_semana_passada,6,Outro motivo. Especifique.,Parte A - Características gerais dos moradores,112020
A008,semana_passada_quantos_dias_dedicou_atividades_escolares,,Não aplicável,Parte A - Características gerais dos moradores,"092020,102020,112020"
A008,semana_passada_quantos_dias_dedicou_atividades_escolares,1,1 dia,Parte A - Características gerais dos moradores,"092020,102020,112020"
A008,semana_passada_quantos_dias_dedicou_atividades_escolares,2,2 dias,Parte A - Características gerais dos moradores,"092020,102020,112020"
A008,semana_passada_quantos_dias_dedicou_atividades_escolares,3,3 dias,Parte A - Características gerais dos moradores,"092020,102020,112020"
A008,semana_passada_quantos_dias_dedicou_atividades_escolares,4,4 dias,Parte A - Características gerais dos moradores,"092020,102020,112020"
A008,semana_passada_quantos_dias_dedicou_atividades_escolares,5,5 dias,Parte A - Características gerais dos moradores,"092020,102020,112020"
A008,semana_passada_quantos_dias_dedicou_atividades_escolares,6,6 ou 7 dias,Parte A - Características gerais dos moradores,"092020,102020,112020"
A009,semana_passada_quanto_tempo_dia_gastou_fazendo_atividades,,Não aplicável,Parte A - Características gerais dos moradores,"092020,102020,112020"
A009,semana_passada_quanto_tempo_dia_gastou_fazendo_atividades,1,Menos de 1 hora,Parte A - Características gerais dos moradores,"092020,102020,112020"
A009,semana_passada_quanto_tempo_dia_gastou_fazendo_atividades,2,De 1 hora a menos de 2 horas,Parte A - Características gerais dos moradores,"092020,102020,112020"
A009,semana_passada_quanto_tempo_dia_gastou_fazendo_atividades,3,De 2 horas a menos de 5 horas,Parte A - Características gerais dos moradores,"092020,102020,112020"
A009,semana_passada_quanto_tempo_dia_gastou_fazendo_atividades,4,5 horas ou mais,Parte A - Características gerais dos moradores,"092020,102020,112020"
B0011,sintoma_febre,1,Sim,Parte B - COVID19 - Todos os moradores,"092020,102020,112020"
B0011,sintoma_febre,2,Não,Parte B - COVID19 - Todos os moradores,"092020,102020,112020"
B0011,sintoma_febre,3,Não sabe,Parte B - COVID19 - Todos os moradores,"092020,102020,112020"
B0011,sintoma_febre,9,Ignorado,Parte B - COVID19 - Todos os moradores,"092020,102020,112020"
B00110,sintoma_dor_olhos,1,Sim,Parte B - COVID19 - Todos os moradores,"092020,102020,112020"
B00110,sintoma_dor_olhos,2,Não,Parte B - COVID19 - Todos os moradores,"092020,102020,112020"
B00110,sintoma_dor_olhos,3,Não sabe,Parte B - COVID19 - Todos os moradores,"092020,102020,112020"
B00110,sintoma_dor_olhos,9,Ignorado,Parte B - COVID19 - Todos os moradores,"092020,102020,112020"
B00111,sintoma_perda_olfato_paladar,1,Sim,Parte B - COVID19 - Todos os moradores,"092020,102020,112020"
B00111,sintoma_perda_olfato_paladar,2,Não,Parte B - COVID19 - Todos os moradores,"092020,102020,112020"
B00111,sintoma_perda_olfato_paladar,3,Não sabe,Parte B - COVID19 - Todos os moradores,"092020,102020,112020"
B00111,sintoma_perda_olfato_paladar,9,Ignorado,Parte B - COVID19 - Todos os moradores,"092020,102020,112020"
B00112,sintoma_dor_muscular,1,Sim,Parte B - COVID19 - Todos os moradores,"092020,102020,112020"
B00112,sintoma_dor_muscular,2,Não,Parte B - COVID19 - Todos os moradores,"092020,102020,112020"
B00112,sintoma_dor_muscular,3,Não sabe,Parte B - COVID19 - Todos os moradores,"092020,102020,112020"
B00112,sintoma_dor_muscular,9,Ignorado,Parte B - COVID19 - Todos os moradores,"092020,102020,112020"
B00113,semana_passada_teve_diarreia,1,Sim,Parte B - COVID19 - Todos os moradores,"092020,102020,112020"
B00113,semana_passada_teve_diarreia,2,Não,Parte B - COVID19 - Todos os moradores,"092020,102020,112020"
B00113,semana_passada_teve_diarreia,3,Não sabe,Parte B - COVID19 - Todos os moradores,"092020,102020,112020"
B00113,semana_passada_teve_diarreia,9,Ignorado,Parte B - COVID19 - Todos os moradores,"092020,102020,112020"
B0012,sintoma_tosse,1,Sim,Parte B - COVID19 - Todos os moradores,"092020,102020,112020"
B0012,sintoma_tosse,2,Não,Parte B - COVID19 - Todos os moradores,"092020,102020,112020"
B0012,sintoma_tosse,3,Não sabe,Parte B - COVID19 - Todos os moradores,"092020,102020,112020"
B0012,sintoma_tosse,9,Ignorado,Parte B - COVID19 - Todos os moradores,"092020,102020,112020"
B0013,sintoma_dor_garganta,1,Sim,Parte B - COVID19 - Todos os moradores,"092020,102020,112020"
B0013,sintoma_dor_garganta,2,Não,Parte B - COVID19 - Todos os moradores,"092020,102020,112020"
B0013,sintoma_dor_garganta,3,Não sabe,Parte B - COVID19 - Todos os moradores,"092020,102020,112020"
B0013,sintoma_dor_garganta,9,Ignorado,Parte B - COVID19 - Todos os moradores,"092020,102020,112020"
B0014,sintoma_dificuldade_respirar,1,Sim,Parte B - COVID19 - Todos os moradores,"092020,102020,112020"
B0014,sintoma_dificuldade_respirar,2,Não,Parte B - COVID19 - Todos os moradores,"092020,102020,112020"
B0014,sintoma_dificuldade_respirar,3,Não sabe,Parte B - COVID19 - Todos os moradores,"092020,102020,112020"
B0014,sintoma_dificuldade_respirar,9,Ignorado,Parte B - COVID19 - Todos os moradores,"092020,102020,112020"
B0015,sintoma_dor_cabeca,1,Sim,Parte B - COVID19 - Todos os moradores,"092020,102020,112020"
B0015,sintoma_dor_cabeca,2,Não,Parte B - COVID19 - Todos os moradores,"092020,102020,112020"
B0015,sintoma_dor_cabeca,3,Não sabe,Parte B - COVID19 - Todos os moradores,"092020,102020,112020"
B0015,sintoma_dor_cabeca,9,Ignorado,Parte B - COVID19 - Todos os moradores,"092020,102020,112020"
B0016,sintoma_dor_peito,1,Sim,Parte B - COVID19 - Todos os moradores,"092020,102020,112020"
B0016,sintoma_dor_peito,2,Não,Parte B - COVID19 - Todos os moradores,"092020,102020,112020"
B0016,sintoma_dor_peito,3,Não sabe,Parte B - COVID19 - Todos os moradores,"092020,102020,112020"
B0016,sintoma_dor_peito,9,Ignorado,Parte B - COVID19 - Todos os moradores,"092020,102020,112020"
B0017,sintoma_nausea,1,Sim,Parte B - COVID19 - Todos os moradores,"092020,102020,112020"
B0017,sintoma_nausea,2,Não,Parte B - COVID19 - Todos os moradores,"092020,102020,112020"
B0017,sintoma_nausea,3,Não sabe,Parte B - COVID19 - Todos os moradores,"092020,102020,112020"
B0017,sintoma_nausea,9,Ignorado,Parte B - COVID19 - Todos os moradores,"092020,102020,112020"
B0018,sintoma_nariz_entupido,1,Sim,Parte B - COVID19 - Todos os moradores,"092020,102020,112020"
B0018,sintoma_nariz_entupido,2,Não,Parte B - COVID19 - Todos os moradores,"092020,102020,112020"
B0018,sintoma_nariz_entupido,3,Não sabe,Parte B - COVID19 - Todos os moradores,"092020,102020,112020"
B0018,sintoma_nariz_entupido,9,Ignorado,Parte B - COVID19 - Todos os moradores,"092020,102020,112020"
B0019,sintoma_fadiga,1,Sim,Parte B - COVID19 - Todos os moradores,"092020,102020,112020"
B0019,sintoma_fadiga,2,Não,Parte B - COVID19 - Todos os moradores,"092020,102020,112020"
B0019,sintoma_fadiga,3,Não sabe,Parte B - COVID19 - Todos os moradores,"092020,102020,112020"
B0019,sintoma_fadiga,9,Ignorado,Parte B - COVID19 - Todos os moradores,"092020,102020,112020"
B002,buscou_atendimento_saude,,Não aplicável,Parte B - COVID19 - Todos os moradores,"092020,102020,112020"
B002,buscou_atendimento_saude,1,Sim,Parte B - COVID19 - Todos os moradores,"092020,102020,112020"
B002,buscou_atendimento_saude,2,Não,Parte B - COVID19 - Todos os moradores,"092020,102020,112020"
B002,buscou_atendimento_saude,9,Ignorado,Parte B - COVID19 - Todos os moradores,"092020,102020,112020"
B0031,providencia_ficar_em_casa,,Não aplicável,Parte B - COVID19 - Todos os moradores,"092020,102020,112020"
B0031,providencia_ficar_em_casa,1,Sim,Parte B - COVID19 - Todos os moradores,"092020,102020,112020"
B0031,providencia_ficar_em_casa,2,Não,Parte B - COVID19 - Todos os moradores,"092020,102020,112020"
B0031,providencia_ficar_em_casa,9,Ignorado,Parte B - COVID19 - Todos os moradores,"092020,102020,112020"
B0032,providencia_ligar_profissional_saude,,Não aplicável,Parte B - COVID19 - Todos os moradores,"092020,102020,112020"
B0032,providencia_ligar_profissional_saude,1,Sim,Parte B - COVID19 - Todos os moradores,"092020,102020,112020"
B0032,providencia_ligar_profissional_saude,2,Não,Parte B - COVID19 - Todos os moradores,"092020,102020,112020"
B0032,providencia_ligar_profissional_saude,9,Ignorado,Parte B - COVID19 - Todos os moradores,"092020,102020,112020"
B0033,providencia_comprar_remedio_conta_propria,,Não aplicável,Parte B - COVID19 - Todos os moradores,"092020,102020,112020"
B0033,providencia_comprar_remedio_conta_propria,1,Sim,Parte B - COVID19 - Todos os moradores,"092020,102020,112020"
B0033,providencia_comprar_remedio_conta_propria,2,Não,Parte B - COVID19 - Todos os moradores,"092020,102020,112020"
B0033,providencia_comprar_remedio_conta_propria,9,Ignorado,Parte B - COVID19 - Todos os moradores,"092020,102020,112020"
B0034,providencia_comprar_remedio_orientacao_medica,,Não aplicável,Parte B - COVID19 - Todos os moradores,"092020,102020,112020"
B0034,providencia_comprar_remedio_orientacao_medica,1,Sim,Parte B - COVID19 - Todos os moradores,"092020,102020,112020"
B0034,providencia_comprar_remedio_orientacao_medica,2,Não,Parte B - COVID19 - Todos os moradores,"092020,102020,112020"
B0034,providencia_comprar_remedio_orientacao_medica,9,Ignorado,Parte B - COVID19 - Todos os moradores,"092020,102020,112020"
B0035,providencia_visita_profissional_sus,,Não aplicável,Parte B - COVID19 - Todos os moradores,"092020,102020,112020"
B0035,providencia_visita_profissional_sus,1,Sim,Parte B - COVID19 - Todos os moradores,"092020,102020,112020"
B0035,providencia_visita_profissional_sus,2,Não,Parte B - COVID19 - Todos os moradores,"092020,102020,112020"
B0035,providencia_visita_profissional_sus,9,Ignorado,Parte B - COVID19 - Todos os moradores,"092020,102020,112020"
B0036,providencia_tomada_recuperar_sintomas_receber_visita,,Não aplicável,Parte B - COVID19 - Todos os moradores,"092020,102020,112020"
B0036,providencia_tomada_recuperar_sintomas_receber_visita,1,Sim,Parte B - COVID19 - Todos os moradores,"092020,102020,112020"
B0036,providencia_tomada_recuperar_sintomas_receber_visita,2,Não,Parte B - COVID19 - Todos os moradores,"092020,102020,112020"
B0036,providencia_tomada_recuperar_sintomas_receber_visita,9,Ignorado,Parte B - COVID19 - Todos os moradores,"092020,102020,112020"
B0037,providencia_tomada_recuperar_sintomas,,Não aplicável,Parte B - COVID19 - Todos os moradores,"092020,102020,112020"
B0037,providencia_tomada_recuperar_sintomas,1,Sim,Parte B - COVID19 - Todos os moradores,"092020,102020,112020"
B0037,providencia_tomada_recuperar_sintomas,2,Não,Parte B - COVID19 - Todos os moradores,"092020,102020,112020"
B0037,providencia_tomada_recuperar_sintomas,9,Ignorado,Parte B - COVID19 - Todos os moradores,"092020,102020,112020"
B0041,local_buscou_atendimento_posto_saude_unidade_basica_saude,,Não aplicável,Parte B - COVID19 - Todos os moradores,"092020,102020,112020"
B0041,local_buscou_atendimento_posto_saude_unidade_basica_saude,1,Sim,Parte B - COVID19 - Todos os moradores,"092020,102020,112020"
B0041,local_buscou_atendimento_posto_saude_unidade_basica_saude,2,Não,Parte B - COVID19 - Todos os moradores,"092020,102020,112020"
B0041,local_buscou_atendimento_posto_saude_unidade_basica_saude,9,Ignorado,Parte B - COVID19 - Todos os moradores,"092020,102020,112020"
B0042,local_buscou_atendimento_pronto_socorro_sus_upa,,Não aplicável,Parte B - COVID19 - Todos os moradores,"092020,102020,112020"
B0042,local_buscou_atendimento_pronto_socorro_sus_upa,1,Sim,Parte B - COVID19 - Todos os moradores,"092020,102020,112020"
B0042,local_buscou_atendimento_pronto_socorro_sus_upa,2,Não,Parte B - COVID19 - Todos os moradores,"092020,102020,112020"
B0042,local_buscou_atendimento_pronto_socorro_sus_upa,9,Ignorado,Parte B - COVID19 - Todos os moradores,"092020,102020,112020"
B0043,local_buscou_atendimento_hospital_sus,,Não aplicável,Parte B - COVID19 - Todos os moradores,"092020,102020,112020"
B0043,local_buscou_atendimento_hospital_sus,1,Sim,Parte B - COVID19 - Todos os moradores,"092020,102020,112020"
B0043,local_buscou_atendimento_hospital_sus,2,Não,Parte B - COVID19 - Todos os moradores,"092020,102020,112020"
B0043,local_buscou_atendimento_hospital_sus,9,Ignorado,Parte B - COVID19 - Todos os moradores,"092020,102020,112020"
B0044,local_buscou_atendimento_ambulatorio_consultorio_privado,,Não aplicável,Parte B - COVID19 - Todos os moradores,"092020,102020,112020"
B0044,local_buscou_atendimento_ambulatorio_consultorio_privado,1,Sim,Parte B - COVID19 - Todos os moradores,"092020,102020,112020"
B0044,local_buscou_atendimento_ambulatorio_consultorio_privado,2,Não,Parte B - COVID19 - Todos os moradores,"092020,102020,112020"
B0044,local_buscou_atendimento_ambulatorio_consultorio_privado,9,Ignorado,Parte B - COVID19 - Todos os moradores,"092020,102020,112020"
B0045,local_buscou_atendimento_pronto_socorro_privado_ligado,,Não aplicável,Parte B - COVID19 - Todos os moradores,"092020,102020,112020"
B0045,local_buscou_atendimento_pronto_socorro_privado_ligado,1,Sim,Parte B - COVID19 - Todos os moradores,"092020,102020,112020"
B0045,local_buscou_atendimento_pronto_socorro_privado_ligado,2,Não,Parte B - COVID19 - Todos os moradores,"092020,102020,112020"
B0045,local_buscou_atendimento_pronto_socorro_privado_ligado,9,Ignorado,Parte B - COVID19 - Todos os moradores,"092020,102020,112020"
B0046,local_buscou_atendimento_hospital_privado_ligado_forcas,,Não aplicável,Parte B - COVID19 - Todos os moradores,"092020,102020,112020"
B0046,local_buscou_atendimento_hospital_privado_ligado_forcas,1,Sim,Parte B - COVID19 - Todos os moradores,"092020,102020,112020"
B0046,local_buscou_atendimento_hospital_privado_ligado_forcas,2,Não,Parte B - COVID19 - Todos os moradores,"092020,102020,112020"
B0046,local_buscou_atendimento_hospital_privado_ligado_forcas,9,Ignorado,Parte B - COVID19 - Todos os moradores,"092020,102020,112020"
B005,foi_sedado_intubado,,Não aplicável,Parte B - COVID19 - Todos os moradores,"092020,102020,112020"
B005,foi_sedado_intubado,1,Sim,Parte B - COVID19 - Todos os moradores,"092020,102020,112020"
B005,foi_sedado_intubado,2,Não,Parte B - COVID19 - Todos os moradores,"092020,102020,112020"
B005,foi_sedado_intubado,3,Não foi atendido,Parte B - COVID19 - Todos os moradores,"092020,102020,112020"
B005,foi_sedado_intubado,9,Ignorado,Parte B - COVID19 - Todos os moradores,"092020,102020,112020"
B006,foi_sedado_entubado_internacao,,Não aplicável,Parte B - COVID19 - Todos os moradores,"092020,102020,112020"
B006,foi_sedado_entubado_internacao,1,Sim,Parte B - COVID19 - Todos os moradores,"092020,102020,112020"
B006,foi_sedado_entubado_internacao,2,Não,Parte B - COVID19 - Todos os moradores,"092020,102020,112020"
B006,foi_sedado_entubado_internacao,9,Ignorado,Parte B - COVID19 - Todos os moradores,"092020,102020,112020"
B007,tem_plano_saude_bloco_b,1,Sim,Parte B - COVID19 - Todos os moradores,"092020,102020,112020"
B007,tem_plano_saude_bloco_b,2,Não,Parte B - COVID19 - Todos os moradores,"092020,102020,112020"
B007,tem_plano_saude_bloco_b,9,Ignorado,Parte B - COVID19 - Todos os moradores,"092020,102020,112020"
B008,fez_teste_covid,1,Sim,Parte B - COVID19 - Todos os moradores,"092020,102020,112020"
B008,fez_teste_covid,2,Não,Parte B - COVID19 - Todos os moradores,"092020,102020,112020"
B008,fez_teste_covid,9,Ignorado,Parte B - COVID19 - Todos os moradores,"092020,102020,112020"
B009A,fez_exame_coletado_cotonete_boca_nariz_swab,1,Sim,Parte B - COVID19 - Todos os moradores,"092020,102020,112020"
B009A,fez_exame_coletado_cotonete_boca_nariz_swab,2,Não,Parte B - COVID19 - Todos os moradores,"092020,102020,112020"
B009A,fez_exame_coletado_cotonete_boca_nariz_swab,9,Ignorado,Parte B - COVID19 - Todos os moradores,"092020,102020,112020"
B009B,resultado,,Não aplicável,Parte B - COVID19 - Todos os moradores,"092020,102020,112020"
B009B,resultado,1,Positivo,Parte B - COVID19 - Todos os moradores,"092020,102020,112020"
B009B,resultado,2,Negativo,Parte B - COVID19 - Todos os moradores,"092020,102020,112020"
B009B,resultado,3,Inconclusivo,Parte B - COVID19 - Todos os moradores,"092020,102020,112020"
B009B,resultado,4,Ainda não recebeu o resultado,Parte B - COVID19 - Todos os moradores,"092020,102020,112020"
B009B,resultado,9,Ignorado,Parte B - COVID19 - Todos os moradores,"092020,102020,112020"
B009C,fez_exame_coleta_sangue_atraves_furo_dedo,1,Sim,Parte B - COVID19 - Todos os moradores,"092020,102020,112020"
B009C,fez_exame_coleta_sangue_atraves_furo_dedo,2,Não,Parte B - COVID19 - Todos os moradores,"092020,102020,112020"
B009C,fez_exame_coleta_sangue_atraves_furo_dedo,9,Ignorado,Parte B - COVID19 - Todos os moradores,"092020,102020,112020"
B009D,resultado_2,,Não aplicável,Parte B - COVID19 - Todos os moradores,"092020,102020,112020"
B009D,resultado_2,1,Positivo,Parte B - COVID19 - Todos os moradores,"092020,102020,112020"
B009D,resultado_2,2,Negativo,Parte B - COVID19 - Todos os moradores,"092020,102020,112020"
B009D,resultado_2,3,Inconclusivo,Parte B - COVID19 - Todos os moradores,"092020,102020,112020"
B009D,resultado_2,4,Ainda não recebeu o resultado,Parte B - COVID19 - Todos os moradores,"092020,102020,112020"
B009D,resultado_2,9,Ignorado,Parte B - COVID19 - Todos os moradores,"092020,102020,112020"
B009E,fez_exame_coleta_sangue_atraves_veia_braco,1,Sim,Parte B - COVID19 - Todos os moradores,"092020,102020,112020"
B009E,fez_exame_coleta_sangue_atraves_veia_braco,2,Não,Parte B - COVID19 - Todos os moradores,"092020,102020,112020"
B009E,fez_exame_coleta_sangue_atraves_veia_braco,9,Ignorado,Parte B - COVID19 - Todos os moradores,"092020,102020,112020"
B009F,resultado_teste_positivo,,Não aplicável,Parte B - COVID19 - Todos os moradores,"092020,102020,112020"
B009F,resultado_teste_positivo,1,Positivo,Parte B - COVID19 - Todos os moradores,"092020,102020,112020"
B009F,resultado_teste_positivo,2,Negativo,Parte B - COVID19 - Todos os moradores,"092020,102020,112020"
B009F,resultado_teste_positivo,3,Inconclusivo,Parte B - COVID19 - Todos os moradores,"092020,102020,112020"
B009F,resultado_teste_positivo,4,Ainda não recebeu o resultado,Parte B - COVID19 - Todos os moradores,"092020,102020,112020"
B009F,resultado_teste_positivo,9,Ignorado,Parte B - COVID19 - Todos os moradores,"092020,102020,112020"
B0101,medico_deu_diagnostico_diabetes,1,Sim,Parte B - COVID19 - Todos os moradores,"092020,102020,112020"
B0101,medico_deu_diagnostico_diabetes,2,Não,Parte B - COVID19 - Todos os moradores,"092020,102020,112020"
B0101,medico_deu_diagnostico_diabetes,9,Ignorado,Parte B - COVID19 - Todos os moradores,"092020,102020,112020"
B0102,medico_deu_diagnostico_hipertensao,1,Sim,Parte B - COVID19 - Todos os moradores,"092020,102020,112020"
B0102,medico_deu_diagnostico_hipertensao,2,Não,Parte B - COVID19 - Todos os moradores,"092020,102020,112020"
B0102,medico_deu_diagnostico_hipertensao,9,Ignorado,Parte B - COVID19 - Todos os moradores,"092020,102020,112020"
B0103,medico_deu_diagnostico_asma_bronquite_enfisema_doencas,1,Sim,Parte B - COVID19 - Todos os moradores,"092020,102020,112020"
B0103,medico_deu_diagnostico_asma_bronquite_enfisema_doencas,2,Não,Parte B - COVID19 - Todos os moradores,"092020,102020,112020"
B0103,medico_deu_diagnostico_asma_bronquite_enfisema_doencas,9,Ignorado,Parte B - COVID19 - Todos os moradores,"092020,102020,112020"
B0104,medico_deu_diagnostico_doencas_coracao_infarto_angina,1,Sim,Parte B - COVID19 - Todos os moradores,"092020,102020,112020"
B0104,medico_deu_diagnostico_doencas_coracao_infarto_angina,2,Não,Parte B - COVID19 - Todos os moradores,"092020,102020,112020"
B0104,medico_deu_diagnostico_doencas_coracao_infarto_angina,9,Ignorado,Parte B - COVID19 - Todos os moradores,"092020,102020,112020"
B0105,medico_deu_diagnostico_depressao,1,Sim,Parte B - COVID19 - Todos os moradores,"092020,102020,112020"
B0105,medico_deu_diagnostico_depressao,2,Não,Parte B - COVID19 - Todos os moradores,"092020,102020,112020"
B0105,medico_deu_diagnostico_depressao,9,Ignorado,Parte B - COVID19 - Todos os moradores,"092020,102020,112020"
B0106,medico_deu_diagnostico_cancer,1,Sim,Parte B - COVID19 - Todos os moradores,"092020,102020,112020"
B0106,medico_deu_diagnostico_cancer,2,Não,Parte B - COVID19 - Todos os moradores,"092020,102020,112020"
B0106,medico_deu_diagnostico_cancer,9,Ignorado,Parte B - COVID19 - Todos os moradores,"092020,102020,112020"
B011,restricao_contato_pessoas_pandemia,1,"Não fez restrição, levou vida normal como antes da pandemia",Parte B - COVID19 - Todos os moradores,"092020,102020,112020"
B011,restricao_contato_pessoas_pandemia,2,"Reduziu o contato com as pessoas, mas continuou saindo de casa para trabalho ou atividades não essenciais e/ou recebendo visitas",Parte B - COVID19 - Todos os moradores,"092020,102020,112020"
B011,restricao_contato_pessoas_pandemia,3,Ficou em casa e só saiu em caso de necessidade básica,Parte B - COVID19 - Todos os moradores,"092020,102020,112020"
B011,restricao_contato_pessoas_pandemia,4,Ficou rigorosamente em casa,Parte B - COVID19 - Todos os moradores,"092020,102020,112020"
B011,restricao_contato_pessoas_pandemia,9,Ignorado,Parte B - COVID19 - Todos os moradores,"092020,102020,112020"
C001,trabalhou_na_semana,,Não aplicável,Parte C - Características de trabalho das pessoas de 14 anos ou mais de idade,"092020,102020,112020"
C001,trabalhou_na_semana,1,Sim,Parte C - Características de trabalho das pessoas de 14 anos ou mais de idade,"092020,102020,112020"
C001,trabalhou_na_semana,2,Não,Parte C - Características de trabalho das pessoas de 14 anos ou mais de idade,"092020,102020,112020"
C002,estava_afastado_com_vinculo,,Não aplicável,Parte C - Características de trabalho das pessoas de 14 anos ou mais de idade,"092020,102020,112020"
C002,estava_afastado_com_vinculo,1,Sim,Parte C - Características de trabalho das pessoas de 14 anos ou mais de idade,"092020,102020,112020"
C002,estava_afastado_com_vinculo,2,Não,Parte C - Características de trabalho das pessoas de 14 anos ou mais de idade,"092020,102020,112020"
C003,motivo_afastamento,,Não aplicável,Parte C - Características de trabalho das pessoas de 14 anos ou mais de idade,"092020,102020,112020"
C003,motivo_afastamento,1,"Estava em quarentena, isolamento, distanciamento social ou férias coletivas",Parte C - Características de trabalho das pessoas de 14 anos ou mais de idade,"092020,102020,112020"
C003,motivo_afastamento,2,"Férias, folga ou jornada de trabalho variável",Parte C - Características de trabalho das pessoas de 14 anos ou mais de idade,"092020,102020,112020"
C003,motivo_afastamento,3,Licença maternidade ou paternidade,Parte C - Características de trabalho das pessoas de 14 anos ou mais de idade,"092020,102020,112020"
C003,motivo_afastamento,4,Licença remunerada por motivo de saúde ou acidente da própria pessoa,Parte C - Características de trabalho das pessoas de 14 anos ou mais de idade,"092020,102020,112020"
C003,motivo_afastamento,5,"Outro tipo de licença remunerada (estudo, paternidade, casamento, licença prêmio, etc.)",Parte C - Características de trabalho das pessoas de 14 anos ou mais de idade,"092020,102020,112020"
C003,motivo_afastamento,6,"Afastamento do próprio negócio/empresa por motivo de gestação, saúde, acidente, etc., sem ser remunerado por instituto de previdência",Parte C - Características de trabalho das pessoas de 14 anos ou mais de idade,"092020,102020,112020"
C003,motivo_afastamento,7,"Fatores ocasionais (mau tempo, paralisação nos serviços de transportes, etc.)",Parte C - Características de trabalho das pessoas de 14 anos ou mais de idade,"092020,102020,112020"
C003,motivo_afastamento,8,Outro motivo,Parte C - Características de trabalho das pessoas de 14 anos ou mais de idade,"092020,102020,112020"
C004,continuou_recebendo_remuneracao,,Não aplicável,Parte C - Características de trabalho das pessoas de 14 anos ou mais de idade,"092020,102020,112020"
C004,continuou_recebendo_remuneracao,1,Sim,Parte C - Características de trabalho das pessoas de 14 anos ou mais de idade,"092020,102020,112020"
C004,continuou_recebendo_remuneracao,2,Não,Parte C - Características de trabalho das pessoas de 14 anos ou mais de idade,"092020,102020,112020"
C004,continuou_recebendo_remuneracao,3,O trabalho já não era remunerado,Parte C - Características de trabalho das pessoas de 14 anos ou mais de idade,"092020,102020,112020"
C005,quanto_tempo_afastado_trabalho,,Não aplicável,Parte C - Características de trabalho das pessoas de 14 anos ou mais de idade,"092020,102020,112020"
C005,quanto_tempo_afastado_trabalho,1,Menos de 1 mês,Parte C - Características de trabalho das pessoas de 14 anos ou mais de idade,"092020,102020,112020"
C005,quanto_tempo_afastado_trabalho,2,De 1 mês a menos de 1 ano,Parte C - Características de trabalho das pessoas de 14 anos ou mais de idade,"092020,102020,112020"
C005,quanto_tempo_afastado_trabalho,3,De 1 ano a menos de 2 anos,Parte C - Características de trabalho das pessoas de 14 anos ou mais de idade,"092020,102020,112020"
C005,quanto_tempo_afastado_trabalho,4,2 anos ou mais,Parte C - Características de trabalho das pessoas de 14 anos ou mais de idade,"092020,102020,112020"
C0051,tempo_afastado_1_mes_1_ano,,Não aplicável,Parte C - Características de trabalho das pessoas de 14 anos ou mais de idade,"092020,102020,112020"
C0051,tempo_afastado_1_mes_1_ano,01 a 11,01 a 11 meses,Parte C - Características de trabalho das pessoas de 14 anos ou mais de idade,"092020,102020,112020"
C0052,tempo_afastado_1_ano_2_anos,,Não aplicável,Parte C - Características de trabalho das pessoas de 14 anos ou mais de idade,"092020,102020,112020"
C0052,tempo_afastado_1_ano_2_anos,00 a 11,00 a 11 meses,Parte C - Características de trabalho das pessoas de 14 anos ou mais de idade,"092020,102020,112020"
C0053,tempo_afastado_02_anos_98_anos,,Não aplicável,Parte C - Características de trabalho das pessoas de 14 anos ou mais de idade,"092020,102020,112020"
C0053,tempo_afastado_02_anos_98_anos,02 a 98,2 anos ou mais,Parte C - Características de trabalho das pessoas de 14 anos ou mais de idade,"092020,102020,112020"
C006,trabalho,,Não aplicável,Parte C - Características de trabalho das pessoas de 14 anos ou mais de idade,"092020,102020,112020"
C006,trabalho,1,Sim,Parte C - Características de trabalho das pessoas de 14 anos ou mais de idade,"092020,102020,112020"
C006,trabalho,2,Não,Parte C - Características de trabalho das pessoas de 14 anos ou mais de idade,"092020,102020,112020"
C007,trabalho_unico_principal_semana,,Não aplicável,Parte C - Características de trabalho das pessoas de 14 anos ou mais de idade,"092020,102020,112020"
C007,trabalho_unico_principal_semana,1,"Trabalhador doméstico (empregado doméstico, cuidados, babá)",Parte C - Características de trabalho das pessoas de 14 anos ou mais de idade,"092020,102020,112020"
C007,trabalho_unico_principal_semana,2,"Militar do exercito, marinha ou aeronáutica",Parte C - Características de trabalho das pessoas de 14 anos ou mais de idade,"092020,102020,112020"
C007,trabalho_unico_principal_semana,3,Policial militar ou bombeiro militar,Parte C - Características de trabalho das pessoas de 14 anos ou mais de idade,"092020,102020,112020"
C007,trabalho_unico_principal_semana,4,Empregado do setor privado,Parte C - Características de trabalho das pessoas de 14 anos ou mais de idade,"092020,102020,112020"
C007,trabalho_unico_principal_semana,5,Empregado do setor público (inclusive empresas de economia mista),Parte C - Características de trabalho das pessoas de 14 anos ou mais de idade,"092020,102020,112020"
C007,trabalho_unico_principal_semana,6,Empregador,Parte C - Características de trabalho das pessoas de 14 anos ou mais de idade,"092020,102020,112020"
C007,trabalho_unico_principal_semana,7,Conta própria,Parte C - Características de trabalho das pessoas de 14 anos ou mais de idade,"092020,102020,112020"
C007,trabalho_unico_principal_semana,8,Trabalhador familiar não remunerado em ajuda a membro do domicílio ou parente,Parte C - Características de trabalho das pessoas de 14 anos ou mais de idade,"092020,102020,112020"
C007,trabalho_unico_principal_semana,9,"Estava fora do mercado de trabalho (fazia apenas afazeres domésticos, cuidados de pessoas ou produção para próprio consumo)",Parte C - Características de trabalho das pessoas de 14 anos ou mais de idade,"092020,102020,112020"
C007A,trabalho_area,,Não aplicável,Parte C - Características de trabalho das pessoas de 14 anos ou mais de idade,"092020,102020,112020"
C007A,trabalho_area,1,Federal,Parte C - Características de trabalho das pessoas de 14 anos ou mais de idade,"092020,102020,112020"
C007A,trabalho_area,2,Estadual,Parte C - Características de trabalho das pessoas de 14 anos ou mais de idade,"092020,102020,112020"
C007A,trabalho_area,3,Municipal,Parte C - Características de trabalho das pessoas de 14 anos ou mais de idade,"092020,102020,112020"
C007B,tem_carteira_assinada,,Não aplicável,Parte C - Características de trabalho das pessoas de 14 anos ou mais de idade,"092020,102020,112020"
C007B,tem_carteira_assinada,1,"Sim, tem carteira de trabalho assinada",Parte C - Características de trabalho das pessoas de 14 anos ou mais de idade,"092020,102020,112020"
C007B,tem_carteira_assinada,2,"Sim, é servidor público estatutário",Parte C - Características de trabalho das pessoas de 14 anos ou mais de idade,"092020,102020,112020"
C007B,tem_carteira_assinada,3,Não,Parte C - Características de trabalho das pessoas de 14 anos ou mais de idade,"092020,102020,112020"
C007C,tipo_trabalho_cargo_funcao,,não aplicável,Parte C - Características de trabalho das pessoas de 14 anos ou mais de idade,"092020,102020,112020"
C007C,tipo_trabalho_cargo_funcao,1,"Empregado doméstico, diarista, cozinheiro (em domicílios particulares),",Parte C - Características de trabalho das pessoas de 14 anos ou mais de idade,"092020,102020,112020"
C007C,tipo_trabalho_cargo_funcao,10,"Cozinheiro e garçom (de restaurantes, empresas)",Parte C - Características de trabalho das pessoas de 14 anos ou mais de idade,"092020,102020,112020"
C007C,tipo_trabalho_cargo_funcao,11,"Padeiro, açougueiro e doceiro",Parte C - Características de trabalho das pessoas de 14 anos ou mais de idade,"092020,102020,112020"
C007C,tipo_trabalho_cargo_funcao,12,"Agricultor, criador de animais, pescador, silvicultor e jardineiro",Parte C - Características de trabalho das pessoas de 14 anos ou mais de idade,"092020,102020,112020"
C007C,tipo_trabalho_cargo_funcao,13,"Auxiliar da agropecuária (colhedor de frutas, boia fria, etc.)",Parte C - Características de trabalho das pessoas de 14 anos ou mais de idade,"092020,102020,112020"
C007C,tipo_trabalho_cargo_funcao,14,"Motorista (de aplicativo, de taxi, de van, de mototáxi, de ônibus)",Parte C - Características de trabalho das pessoas de 14 anos ou mais de idade,"092020,102020,112020"
C007C,tipo_trabalho_cargo_funcao,15,"Motorista de caminhão (caminhoneiro),",Parte C - Características de trabalho das pessoas de 14 anos ou mais de idade,"092020,102020,112020"
C007C,tipo_trabalho_cargo_funcao,16,"Motoboy,",Parte C - Características de trabalho das pessoas de 14 anos ou mais de idade,"092020,102020,112020"
C007C,tipo_trabalho_cargo_funcao,17,"Entregador de mercadorias (de restaurante, de farmácia, de loja, Uber Eats, IFood, Rappy etc.)",Parte C - Características de trabalho das pessoas de 14 anos ou mais de idade,"092020,102020,112020"
C007C,tipo_trabalho_cargo_funcao,18,"Pedreiro, servente de pedreiro, pintor, eletricista, marceneiro",Parte C - Características de trabalho das pessoas de 14 anos ou mais de idade,"092020,102020,112020"
C007C,tipo_trabalho_cargo_funcao,19,"Mecânico de veículos, máquinas industriais etc.",Parte C - Características de trabalho das pessoas de 14 anos ou mais de idade,"092020,102020,112020"
C007C,tipo_trabalho_cargo_funcao,2,"Faxineiro, auxiliar de limpeza etc. (em empresa pública ou privada),",Parte C - Características de trabalho das pessoas de 14 anos ou mais de idade,"092020,102020,112020"
C007C,tipo_trabalho_cargo_funcao,20,"Artesão, costureiro e sapateiro",Parte C - Características de trabalho das pessoas de 14 anos ou mais de idade,"092020,102020,112020"
C007C,tipo_trabalho_cargo_funcao,21,"Cabeleireiro, manicure e afins",Parte C - Características de trabalho das pessoas de 14 anos ou mais de idade,"092020,102020,112020"
C007C,tipo_trabalho_cargo_funcao,22,"Operador de máquinas, montador na indústria;",Parte C - Características de trabalho das pessoas de 14 anos ou mais de idade,"092020,102020,112020"
C007C,tipo_trabalho_cargo_funcao,23,"Auxiliar de produção, de carga e descarga;",Parte C - Características de trabalho das pessoas de 14 anos ou mais de idade,"092020,102020,112020"
C007C,tipo_trabalho_cargo_funcao,24,"Professor da educação infantil, de ensino fundamental, médio ou superior,",Parte C - Características de trabalho das pessoas de 14 anos ou mais de idade,"092020,102020,112020"
C007C,tipo_trabalho_cargo_funcao,25,"Pedagogo, professor de idiomas, música, arte e reforço escolar",Parte C - Características de trabalho das pessoas de 14 anos ou mais de idade,"092020,102020,112020"
C007C,tipo_trabalho_cargo_funcao,26,"Médico, enfermeiro, profissionais de saúde de nível superior",Parte C - Características de trabalho das pessoas de 14 anos ou mais de idade,"092020,102020,112020"
C007C,tipo_trabalho_cargo_funcao,27,"Técnico, profissional da saúde de nível médio",Parte C - Características de trabalho das pessoas de 14 anos ou mais de idade,"092020,102020,112020"
C007C,tipo_trabalho_cargo_funcao,28,"Cuidador de crianças, doentes ou idosos",Parte C - Características de trabalho das pessoas de 14 anos ou mais de idade,"092020,102020,112020"
C007C,tipo_trabalho_cargo_funcao,29,"Segurança, vigilante, outro trabalhador dos serviços de proteção",Parte C - Características de trabalho das pessoas de 14 anos ou mais de idade,"092020,102020,112020"
C007C,tipo_trabalho_cargo_funcao,3,"Auxiliar de escritório, escriturário",Parte C - Características de trabalho das pessoas de 14 anos ou mais de idade,"092020,102020,112020"
C007C,tipo_trabalho_cargo_funcao,30,Policial civil,Parte C - Características de trabalho das pessoas de 14 anos ou mais de idade,"092020,102020,112020"
C007C,tipo_trabalho_cargo_funcao,31,"Porteiro, zelador",Parte C - Características de trabalho das pessoas de 14 anos ou mais de idade,"092020,102020,112020"
C007C,tipo_trabalho_cargo_funcao,32,"Artista, religioso (padre, pastor etc.)",Parte C - Características de trabalho das pessoas de 14 anos ou mais de idade,"092020,102020,112020"
C007C,tipo_trabalho_cargo_funcao,33,"Diretor, gerente, cargo político ou comissionado",Parte C - Características de trabalho das pessoas de 14 anos ou mais de idade,"092020,102020,112020"
C007C,tipo_trabalho_cargo_funcao,34,"Outra profissão de nível superior (advogado, engenheiro, contador, jornalista etc.)",Parte C - Características de trabalho das pessoas de 14 anos ou mais de idade,"092020,102020,112020"
C007C,tipo_trabalho_cargo_funcao,35,Outro técnico ou profissional de nível médio,Parte C - Características de trabalho das pessoas de 14 anos ou mais de idade,"092020,102020,112020"
C007C,tipo_trabalho_cargo_funcao,36,Outros,Parte C - Características de trabalho das pessoas de 14 anos ou mais de idade,"092020,102020,112020"
C007C,tipo_trabalho_cargo_funcao,4,"Secretária, recepcionista",Parte C - Características de trabalho das pessoas de 14 anos ou mais de idade,"092020,102020,112020"
C007C,tipo_trabalho_cargo_funcao,5,Operador de Telemarketing,Parte C - Características de trabalho das pessoas de 14 anos ou mais de idade,"092020,102020,112020"
C007C,tipo_trabalho_cargo_funcao,6,"Comerciante (dono do bar, da loja etc.)",Parte C - Características de trabalho das pessoas de 14 anos ou mais de idade,"092020,102020,112020"
C007C,tipo_trabalho_cargo_funcao,7,"Balconista, vendedor de loja",Parte C - Características de trabalho das pessoas de 14 anos ou mais de idade,"092020,102020,112020"
C007C,tipo_trabalho_cargo_funcao,8,"Vendedor a domicílio, representante de vendas, vendedor de catálogo (Avon, Natura etc.)",Parte C - Características de trabalho das pessoas de 14 anos ou mais de idade,"092020,102020,112020"
C007C,tipo_trabalho_cargo_funcao,9,"Vendedor ambulante (feirante, camelô, comerciante de rua, quiosque)",Parte C - Características de trabalho das pessoas de 14 anos ou mais de idade,"092020,102020,112020"
C007D,principal_atividade_local_empresa_trabalha,,Não aplicável,Parte C - Características de trabalho das pessoas de 14 anos ou mais de idade,"092020,102020,112020"
C007D,principal_atividade_local_empresa_trabalha,1,"Agricultura, pecuária, produção florestal e pesca",Parte C - Características de trabalho das pessoas de 14 anos ou mais de idade,"092020,102020,112020"
C007D,principal_atividade_local_empresa_trabalha,10,"Armazenamento, correios e serviços de entregas",Parte C - Características de trabalho das pessoas de 14 anos ou mais de idade,"092020,102020,112020"
C007D,principal_atividade_local_empresa_trabalha,11,"Hospedagem (hotéis, pousadas etc.)",Parte C - Características de trabalho das pessoas de 14 anos ou mais de idade,"092020,102020,112020"
C007D,principal_atividade_local_empresa_trabalha,12,"Serviço de alimentação (bares, restaurantes, ambulantes de alimentação)",Parte C - Características de trabalho das pessoas de 14 anos ou mais de idade,"092020,102020,112020"
C007D,principal_atividade_local_empresa_trabalha,13,"Informação e comunicação (jornais, rádio e televisão, telecomunicações e informática)",Parte C - Características de trabalho das pessoas de 14 anos ou mais de idade,"092020,102020,112020"
C007D,principal_atividade_local_empresa_trabalha,14,"Bancos, atividades financeiras e de seguros",Parte C - Características de trabalho das pessoas de 14 anos ou mais de idade,"092020,102020,112020"
C007D,principal_atividade_local_empresa_trabalha,15,Atividades imobiliárias,Parte C - Características de trabalho das pessoas de 14 anos ou mais de idade,"092020,102020,112020"
C007D,principal_atividade_local_empresa_trabalha,16,"Escritórios de advocacia, engenharia, publicidade e veterinária (Atividades profissionais, científicas e técnicas)",Parte C - Características de trabalho das pessoas de 14 anos ou mais de idade,"092020,102020,112020"
C007D,principal_atividade_local_empresa_trabalha,17,"Atividades de locação de mão de obra, segurança, limpeza, paisagismo e teleatendimento",Parte C - Características de trabalho das pessoas de 14 anos ou mais de idade,"092020,102020,112020"
C007D,principal_atividade_local_empresa_trabalha,18,"Administração pública (governo federal, estadual e municipal)",Parte C - Características de trabalho das pessoas de 14 anos ou mais de idade,"092020,102020,112020"
C007D,principal_atividade_local_empresa_trabalha,19,Educação,Parte C - Características de trabalho das pessoas de 14 anos ou mais de idade,"092020,102020,112020"
C007D,principal_atividade_local_empresa_trabalha,2,"Extração de petróleo, carvão mineral, minerais metálicos, pedra, areia, sal etc.",Parte C - Características de trabalho das pessoas de 14 anos ou mais de idade,"092020,102020,112020"
C007D,principal_atividade_local_empresa_trabalha,20,Saúde humana e assistência social,Parte C - Características de trabalho das pessoas de 14 anos ou mais de idade,"092020,102020,112020"
C007D,principal_atividade_local_empresa_trabalha,21,"Organizações religiosas, sindicatos e associações",Parte C - Características de trabalho das pessoas de 14 anos ou mais de idade,"092020,102020,112020"
C007D,principal_atividade_local_empresa_trabalha,22,"Atividade artísticas, esportivas e de recreação",Parte C - Características de trabalho das pessoas de 14 anos ou mais de idade,"092020,102020,112020"
C007D,principal_atividade_local_empresa_trabalha,23,"Cabeleireiros, tratamento de beleza e serviços pessoais",Parte C - Características de trabalho das pessoas de 14 anos ou mais de idade,"092020,102020,112020"
C007D,principal_atividade_local_empresa_trabalha,24,Serviço doméstico remunerado (será imputado da posição na ocupação),Parte C - Características de trabalho das pessoas de 14 anos ou mais de idade,"092020,102020,112020"
C007D,principal_atividade_local_empresa_trabalha,25,Outro,Parte C - Características de trabalho das pessoas de 14 anos ou mais de idade,"092020,102020,112020"
C007D,principal_atividade_local_empresa_trabalha,3,Indústria da transformação (inclusive confecção e fabricação caseira),Parte C - Características de trabalho das pessoas de 14 anos ou mais de idade,"092020,102020,112020"
C007D,principal_atividade_local_empresa_trabalha,4,"Fornecimento de eletricidade e gás, água, esgoto e coleta de lixo",Parte C - Características de trabalho das pessoas de 14 anos ou mais de idade,"092020,102020,112020"
C007D,principal_atividade_local_empresa_trabalha,5,Construção,Parte C - Características de trabalho das pessoas de 14 anos ou mais de idade,"092020,102020,112020"
C007D,principal_atividade_local_empresa_trabalha,6,Comércio no atacado e varejo;,Parte C - Características de trabalho das pessoas de 14 anos ou mais de idade,"092020,102020,112020"
C007D,principal_atividade_local_empresa_trabalha,7,Reparação de veículos automotores e motocicletas,Parte C - Características de trabalho das pessoas de 14 anos ou mais de idade,"092020,102020,112020"
C007D,principal_atividade_local_empresa_trabalha,8,Transporte de passageiros,Parte C - Características de trabalho das pessoas de 14 anos ou mais de idade,"092020,102020,112020"
C007D,principal_atividade_local_empresa_trabalha,9,Transporte de mercadorias,Parte C - Características de trabalho das pessoas de 14 anos ou mais de idade,"092020,102020,112020"
C007E,semana_passada_quantos_empregados_trabalhavam_negocio,,Não aplicável,Parte C - Características de trabalho das pessoas de 14 anos ou mais de idade,"092020,102020,112020"
C007E,semana_passada_quantos_empregados_trabalhavam_negocio,1,1 a 5 empregados,Parte C - Características de trabalho das pessoas de 14 anos ou mais de idade,"092020,102020,112020"
C007E,semana_passada_quantos_empregados_trabalhavam_negocio,2,6 a 10 empregados,Parte C - Características de trabalho das pessoas de 14 anos ou mais de idade,"092020,102020,112020"
C007E,semana_passada_quantos_empregados_trabalhavam_negocio,3,11 ou mais empregados,Parte C - Características de trabalho das pessoas de 14 anos ou mais de idade,"092020,102020,112020"
C007E1,1_5_empregados,,Não aplicável,Parte C - Características de trabalho das pessoas de 14 anos ou mais de idade,"092020,102020,112020"
C007E1,1_5_empregados,1 a 5,1 a 5 empregados,Parte C - Características de trabalho das pessoas de 14 anos ou mais de idade,"092020,102020,112020"
C007E2,6_10_empregados,,Não aplicável,Parte C - Características de trabalho das pessoas de 14 anos ou mais de idade,"092020,102020,112020"
C007E2,6_10_empregados,06 a 10,06 a 10 empregados,Parte C - Características de trabalho das pessoas de 14 anos ou mais de idade,"092020,102020,112020"
C007F,trabalho_unico_principal_semana_contrato_trabalho_suspenso,,Não aplicável,Parte C - Características de trabalho das pessoas de 14 anos ou mais de idade,"092020,102020,112020"
C007F,trabalho_unico_principal_semana_contrato_trabalho_suspenso,1,Sim,Parte C - Características de trabalho das pessoas de 14 anos ou mais de idade,"092020,102020,112020"
C007F,trabalho_unico_principal_semana_contrato_trabalho_suspenso,2,Não,Parte C - Características de trabalho das pessoas de 14 anos ou mais de idade,"092020,102020,112020"
C008,horas_habituais_trabalhadas,,Não aplicável,Parte C - Características de trabalho das pessoas de 14 anos ou mais de idade,"092020,102020,112020"
C008,horas_habituais_trabalhadas,001 a 120,Horas,Parte C - Características de trabalho das pessoas de 14 anos ou mais de idade,"092020,102020,112020"
C009,horas_efetivas_trabalhadas,000 a 120,Horas,Parte C - Características de trabalho das pessoas de 14 anos ou mais de idade,"092020,102020,112020"
C009A,semana_passada_gostaria_ter_trabalhado_horas_fato,,Não aplicável,Parte C - Características de trabalho das pessoas de 14 anos ou mais de idade,"092020,102020,112020"
C009A,semana_passada_gostaria_ter_trabalhado_horas_fato,1,Sim,Parte C - Características de trabalho das pessoas de 14 anos ou mais de idade,"092020,102020,112020"
C009A,semana_passada_gostaria_ter_trabalhado_horas_fato,2,Não,Parte C - Características de trabalho das pessoas de 14 anos ou mais de idade,"092020,102020,112020"
C010,quanto_recebia_habitualmente,,Não aplicável,Parte C - Características de trabalho das pessoas de 14 anos ou mais de idade,"092020,102020,112020"
C010,quanto_recebia_habitualmente,1,Indica se o quesito foi respondido,Parte C - Características de trabalho das pessoas de 14 anos ou mais de idade,"092020,102020,112020"
C0101,recebia_retirava_normalmente_dinheiro,,Não aplicável,Parte C - Características de trabalho das pessoas de 14 anos ou mais de idade,"092020,102020,112020"
C0101,recebia_retirava_normalmente_dinheiro,1,Em dinheiro,Parte C - Características de trabalho das pessoas de 14 anos ou mais de idade,"092020,102020,112020"
C01011,numero_faixa_rendimento_retirada_dinheiro,,Não aplicável,Parte C - Características de trabalho das pessoas de 14 anos ou mais de idade,"092020,102020,112020"
C01011,numero_faixa_rendimento_retirada_dinheiro,0,0 - 100,Parte C - Características de trabalho das pessoas de 14 anos ou mais de idade,"092020,102020,112020"
C01011,numero_faixa_rendimento_retirada_dinheiro,1,101 - 300,Parte C - Características de trabalho das pessoas de 14 anos ou mais de idade,"092020,102020,112020"
C01011,numero_faixa_rendimento_retirada_dinheiro,2,301 - 600,Parte C - Características de trabalho das pessoas de 14 anos ou mais de idade,"092020,102020,112020"
C01011,numero_faixa_rendimento_retirada_dinheiro,3,601 - 800,Parte C - Características de trabalho das pessoas de 14 anos ou mais de idade,"092020,102020,112020"
C01011,numero_faixa_rendimento_retirada_dinheiro,4,801 - 1.600,Parte C - Características de trabalho das pessoas de 14 anos ou mais de idade,"092020,102020,112020"
C01011,numero_faixa_rendimento_retirada_dinheiro,5,1.601 - 3.000,Parte C - Características de trabalho das pessoas de 14 anos ou mais de idade,"092020,102020,112020"
C01011,numero_faixa_rendimento_retirada_dinheiro,6,3.001 - 10.000,Parte C - Características de trabalho das pessoas de 14 anos ou mais de idade,"092020,102020,112020"
C01011,numero_faixa_rendimento_retirada_dinheiro,7,10.001 - 50.000,Parte C - Características de trabalho das pessoas de 14 anos ou mais de idade,"092020,102020,112020"
C01011,numero_faixa_rendimento_retirada_dinheiro,8,50.001 - 100.000,Parte C - Características de trabalho das pessoas de 14 anos ou mais de idade,"092020,102020,112020"
C01011,numero_faixa_rendimento_retirada_dinheiro,9,Mais de 100.000,Parte C - Características de trabalho das pessoas de 14 anos ou mais de idade,"092020,102020,112020"
C01012,valor_dinheiro,,Não aplicável,Parte C - Características de trabalho das pessoas de 14 anos ou mais de idade,"092020,102020,112020"
C01012,valor_dinheiro,valor em reais,R$,Parte C - Características de trabalho das pessoas de 14 anos ou mais de idade,"092020,102020,112020"
C0102,recebia_normalmente_produtos_mercadorias,,Não aplicável,Parte C - Características de trabalho das pessoas de 14 anos ou mais de idade,"092020,102020,112020"
C0102,recebia_normalmente_produtos_mercadorias,2,Em produtos ou mercadorias,Parte C - Características de trabalho das pessoas de 14 anos ou mais de idade,"092020,102020,112020"
C01021,numero_faixa_rendimento_retirada_produtos_mercadorias,,Não aplicável,Parte C - Características de trabalho das pessoas de 14 anos ou mais de idade,"092020,102020,112020"
C01021,numero_faixa_rendimento_retirada_produtos_mercadorias,0,0 - 100,Parte C - Características de trabalho das pessoas de 14 anos ou mais de idade,"092020,102020,112020"
C01021,numero_faixa_rendimento_retirada_produtos_mercadorias,1,101 - 300,Parte C - Características de trabalho das pessoas de 14 anos ou mais de idade,"092020,102020,112020"
C01021,numero_faixa_rendimento_retirada_produtos_mercadorias,2,301 - 600,Parte C - Características de trabalho das pessoas de 14 anos ou mais de idade,"092020,102020,112020"
C01021,numero_faixa_rendimento_retirada_produtos_mercadorias,3,601 - 800,Parte C - Características de trabalho das pessoas de 14 anos ou mais de idade,"092020,102020,112020"
C01021,numero_faixa_rendimento_retirada_produtos_mercadorias,4,801 - 1.600,Parte C - Características de trabalho das pessoas de 14 anos ou mais de idade,"092020,102020,112020"
C01021,numero_faixa_rendimento_retirada_produtos_mercadorias,5,1.601 - 3.000,Parte C - Características de trabalho das pessoas de 14 anos ou mais de idade,"092020,102020,112020"
C01021,numero_faixa_rendimento_retirada_produtos_mercadorias,6,3.001 - 10.000,Parte C - Características de trabalho das pessoas de 14 anos ou mais de idade,"092020,102020,112020"
C01021,numero_faixa_rendimento_retirada_produtos_mercadorias,7,10.001 - 50.000,Parte C - Características de trabalho das pessoas de 14 anos ou mais de idade,"092020,102020,112020"
C01021,numero_faixa_rendimento_retirada_produtos_mercadorias,8,50.001 - 100.000,Parte C - Características de trabalho das pessoas de 14 anos ou mais de idade,"092020,102020,112020"
C01021,numero_faixa_rendimento_retirada_produtos_mercadorias,9,Mais de 100.000,Parte C - Características de trabalho das pessoas de 14 anos ou mais de idade,"092020,102020,112020"
C01022,valor_produtos_mercadorias,,Não aplicável,Parte C - Características de trabalho das pessoas de 14 anos ou mais de idade,"092020,102020,112020"
C01022,valor_produtos_mercadorias,valor em reais,R$,Parte C - Características de trabalho das pessoas de 14 anos ou mais de idade,"092020,102020,112020"
C0103,recebia_normalmente_somente_beneficios,,Não aplicável,Parte C - Características de trabalho das pessoas de 14 anos ou mais de idade,"092020,102020,112020"
C0103,recebia_normalmente_somente_beneficios,3,Em benefícios,Parte C - Características de trabalho das pessoas de 14 anos ou mais de idade,"092020,102020,112020"
C0104,nao_remunerado,,Não aplicável,Parte C - Características de trabalho das pessoas de 14 anos ou mais de idade,"092020,102020,112020"
C0104,nao_remunerado,4,Não remunerado,Parte C - Características de trabalho das pessoas de 14 anos ou mais de idade,"092020,102020,112020"
C011A,renda_habitual_trabalho_principal,,Não aplicável,Parte C - Características de trabalho das pessoas de 14 anos ou mais de idade,"092020,102020,112020"
C011A,renda_habitual_trabalho_principal,1,Indica se o quesito foi respondido,Parte C - Características de trabalho das pessoas de 14 anos ou mais de idade,"092020,102020,112020"
C011A1,recebia_retirava_efetivamente_dinheiro,,Não aplicável,Parte C - Características de trabalho das pessoas de 14 anos ou mais de idade,"092020,102020,112020"
C011A1,recebia_retirava_efetivamente_dinheiro,1,Em dinheiro,Parte C - Características de trabalho das pessoas de 14 anos ou mais de idade,"092020,102020,112020"
C011A11,numero_faixa_rendimento_retirada_dinheiro_2,,Não aplicável,Parte C - Características de trabalho das pessoas de 14 anos ou mais de idade,"092020,102020,112020"
C011A11,numero_faixa_rendimento_retirada_dinheiro_2,0,0 - 100,Parte C - Características de trabalho das pessoas de 14 anos ou mais de idade,"092020,102020,112020"
C011A11,numero_faixa_rendimento_retirada_dinheiro_2,1,101 - 300,Parte C - Características de trabalho das pessoas de 14 anos ou mais de idade,"092020,102020,112020"
C011A11,numero_faixa_rendimento_retirada_dinheiro_2,2,301 - 600,Parte C - Características de trabalho das pessoas de 14 anos ou mais de idade,"092020,102020,112020"
C011A11,numero_faixa_rendimento_retirada_dinheiro_2,3,601 - 800,Parte C - Características de trabalho das pessoas de 14 anos ou mais de idade,"092020,102020,112020"
C011A11,numero_faixa_rendimento_retirada_dinheiro_2,4,801 - 1.600,Parte C - Características de trabalho das pessoas de 14 anos ou mais de idade,"092020,102020,112020"
C011A11,numero_faixa_rendimento_retirada_dinheiro_2,5,1.601 - 3.000,Parte C - Características de trabalho das pessoas de 14 anos ou mais de idade,"092020,102020,112020"
C011A11,numero_faixa_rendimento_retirada_dinheiro_2,6,3.001 - 10.000,Parte C - Características de trabalho das pessoas de 14 anos ou mais de idade,"092020,102020,112020"
C011A11,numero_faixa_rendimento_retirada_dinheiro_2,7,10.001 - 50.000,Parte C - Características de trabalho das pessoas de 14 anos ou mais de idade,"092020,102020,112020"
C011A11,numero_faixa_rendimento_retirada_dinheiro_2,8,50.001 - 100.000,Parte C - Características de trabalho das pessoas de 14 anos ou mais de idade,"092020,102020,112020"
C011A11,numero_faixa_rendimento_retirada_dinheiro_2,9,Mais de 100.000,Parte C - Características de trabalho das pessoas de 14 anos ou mais de idade,"092020,102020,112020"
C011A12,renda_efetiva_trabalho_principal,,Não aplicável,Parte C - Características de trabalho das pessoas de 14 anos ou mais de idade,"092020,102020,112020"
C011A12,renda_efetiva_trabalho_principal,valor em reais,R$,Parte C - Características de trabalho das pessoas de 14 anos ou mais de idade,"092020,102020,112020"
C011A2,recebia_efetivamente_produtos_mercadorias,,Não aplicável,Parte C - Características de trabalho das pessoas de 14 anos ou mais de idade,"092020,102020,112020"
C011A2,recebia_efetivamente_produtos_mercadorias,2,Em produtos ou mercadorias,Parte C - Características de trabalho das pessoas de 14 anos ou mais de idade,"092020,102020,112020"
C011A21,numero_faixa_rendimento_retirada_produtos_mercadorias_2,,Não aplicável,Parte C - Características de trabalho das pessoas de 14 anos ou mais de idade,"092020,102020,112020"
C011A21,numero_faixa_rendimento_retirada_produtos_mercadorias_2,0,0 - 100,Parte C - Características de trabalho das pessoas de 14 anos ou mais de idade,"092020,102020,112020"
C011A21,numero_faixa_rendimento_retirada_produtos_mercadorias_2,1,101 - 300,Parte C - Características de trabalho das pessoas de 14 anos ou mais de idade,"092020,102020,112020"
C011A21,numero_faixa_rendimento_retirada_produtos_mercadorias_2,2,301 - 600,Parte C - Características de trabalho das pessoas de 14 anos ou mais de idade,"092020,102020,112020"
C011A21,numero_faixa_rendimento_retirada_produtos_mercadorias_2,3,601 - 800,Parte C - Características de trabalho das pessoas de 14 anos ou mais de idade,"092020,102020,112020"
C011A21,numero_faixa_rendimento_retirada_produtos_mercadorias_2,4,801 - 1.600,Parte C - Características de trabalho das pessoas de 14 anos ou mais de idade,"092020,102020,112020"
C011A21,numero_faixa_rendimento_retirada_produtos_mercadorias_2,5,1.601 - 3.000,Parte C - Características de trabalho das pessoas de 14 anos ou mais de idade,"092020,102020,112020"
C011A21,numero_faixa_rendimento_retirada_produtos_mercadorias_2,6,3.001 - 10.000,Parte C - Características de trabalho das pessoas de 14 anos ou mais de idade,"092020,102020,112020"
C011A21,numero_faixa_rendimento_retirada_produtos_mercadorias_2,7,10.001 - 50.000,Parte C - Características de trabalho das pessoas de 14 anos ou mais de idade,"092020,102020,112020"
C011A21,numero_faixa_rendimento_retirada_produtos_mercadorias_2,8,50.001 - 100.000,Parte C - Características de trabalho das pessoas de 14 anos ou mais de idade,"092020,102020,112020"
C011A21,numero_faixa_rendimento_retirada_produtos_mercadorias_2,9,Mais de 100.000,Parte C - Características de trabalho das pessoas de 14 anos ou mais de idade,"092020,102020,112020"
C011A22,valor_produtos_mercadorias_2,,Não aplicável,Parte C - Características de trabalho das pessoas de 14 anos ou mais de idade,"092020,102020,112020"
C011A22,valor_produtos_mercadorias_2,valor em reais,R$,Parte C - Características de trabalho das pessoas de 14 anos ou mais de idade,"092020,102020,112020"
C012,maior_parte_tempo_semana_passada_trabalho_unico_principal,,Não aplicável,Parte C - Características de trabalho das pessoas de 14 anos ou mais de idade,"092020,102020,112020"
C012,maior_parte_tempo_semana_passada_trabalho_unico_principal,1,Sim,Parte C - Características de trabalho das pessoas de 14 anos ou mais de idade,"092020,102020,112020"
C012,maior_parte_tempo_semana_passada_trabalho_unico_principal,2,Não,Parte C - Características de trabalho das pessoas de 14 anos ou mais de idade,"092020,102020,112020"
C013,fez_home_office,,Não aplicável,Parte C - Características de trabalho das pessoas de 14 anos ou mais de idade,"092020,102020,112020"
C013,fez_home_office,1,Sim,Parte C - Características de trabalho das pessoas de 14 anos ou mais de idade,"092020,102020,112020"
C013,fez_home_office,2,Não,Parte C - Características de trabalho das pessoas de 14 anos ou mais de idade,"092020,102020,112020"
C014,contribui_inss,,Não aplicável,Parte C - Características de trabalho das pessoas de 14 anos ou mais de idade,"092020,102020,112020"
C014,contribui_inss,1,Sim,Parte C - Características de trabalho das pessoas de 14 anos ou mais de idade,"092020,102020,112020"
C014,contribui_inss,2,Não,Parte C - Características de trabalho das pessoas de 14 anos ou mais de idade,"092020,102020,112020"
C015,procurou_trabalho_semana,,Não aplicável,Parte C - Características de trabalho das pessoas de 14 anos ou mais de idade,"092020,102020,112020"
C015,procurou_trabalho_semana,1,Sim,Parte C - Características de trabalho das pessoas de 14 anos ou mais de idade,"092020,102020,112020"
C015,procurou_trabalho_semana,2,Não,Parte C - Características de trabalho das pessoas de 14 anos ou mais de idade,"092020,102020,112020"
C016,principal_motivo_nao_ter_procurado_trabalho_semana_passada,,Não aplicável,Parte C - Características de trabalho das pessoas de 14 anos ou mais de idade,"092020,102020,112020"
C016,principal_motivo_nao_ter_procurado_trabalho_semana_passada,1,"Devido à pandemia (isolamento, quarentena ou distanciamento social)",Parte C - Características de trabalho das pessoas de 14 anos ou mais de idade,"092020,102020,112020"
C016,principal_motivo_nao_ter_procurado_trabalho_semana_passada,10,Outro motivo,Parte C - Características de trabalho das pessoas de 14 anos ou mais de idade,"092020,102020,112020"
C016,principal_motivo_nao_ter_procurado_trabalho_semana_passada,2,Por problemas de saúde ou gravidez,Parte C - Características de trabalho das pessoas de 14 anos ou mais de idade,"092020,102020,112020"
C016,principal_motivo_nao_ter_procurado_trabalho_semana_passada,3,Estava estudando,Parte C - Características de trabalho das pessoas de 14 anos ou mais de idade,"092020,102020,112020"
C016,principal_motivo_nao_ter_procurado_trabalho_semana_passada,4,Não quer trabalhar ou é aposentado,Parte C - Características de trabalho das pessoas de 14 anos ou mais de idade,"092020,102020,112020"
C016,principal_motivo_nao_ter_procurado_trabalho_semana_passada,5,Não tinha experiência profissional ou qualificação,Parte C - Características de trabalho das pessoas de 14 anos ou mais de idade,"092020,102020,112020"
C016,principal_motivo_nao_ter_procurado_trabalho_semana_passada,6,Acha que não vai encontrar trabalho por ser muito jovem ou idoso,Parte C - Características de trabalho das pessoas de 14 anos ou mais de idade,"092020,102020,112020"
C016,principal_motivo_nao_ter_procurado_trabalho_semana_passada,7,Não havia trabalho na localidade,Parte C - Características de trabalho das pessoas de 14 anos ou mais de idade,"092020,102020,112020"
C016,principal_motivo_nao_ter_procurado_trabalho_semana_passada,8,Tinha que cuidar dos afazeres domésticos e ou de parentes,Parte C - Características de trabalho das pessoas de 14 anos ou mais de idade,"092020,102020,112020"
C016,principal_motivo_nao_ter_procurado_trabalho_semana_passada,9,Estava aguardando resposta de medida tomada para conseguir trabalho,Parte C - Características de trabalho das pessoas de 14 anos ou mais de idade,"092020,102020,112020"
C017A,embora_nao_tenha_procurado_trabalho_gostaria_ter_trabalhado,,Não aplicável,Parte C - Características de trabalho das pessoas de 14 anos ou mais de idade,"092020,102020,112020"
C017A,embora_nao_tenha_procurado_trabalho_gostaria_ter_trabalhado,1,Sim,Parte C - Características de trabalho das pessoas de 14 anos ou mais de idade,"092020,102020,112020"
C017A,embora_nao_tenha_procurado_trabalho_gostaria_ter_trabalhado,2,Não,Parte C - Características de trabalho das pessoas de 14 anos ou mais de idade,"092020,102020,112020"
CAPITAL,mora_na_capital,11,Município de Porto Velho (RO),Parte 1 - Identificação e Controle,"092020,102020,112020"
CAPITAL,mora_na_capital,12,Município de Rio Branco (AC),Parte 1 - Identificação e Controle,"092020,102020,112020"
CAPITAL,mora_na_capital,13,Município de Manaus (AM),Parte 1 - Identificação e Controle,"092020,102020,112020"
CAPITAL,mora_na_capital,14,Município de Boa Vista (RR),Parte 1 - Identificação e Controle,"092020,102020,112020"
CAPITAL,mora_na_capital,15,Município de Belém (PA),Parte 1 - Identificação e Controle,"092020,102020,112020"
CAPITAL,mora_na_capital,16,Município de Macapá (AP),Parte 1 - Identificação e Controle,"092020,102020,112020"
CAPITAL,mora_na_capital,17,Município de Palmas (TO),Parte 1 - Identificação e Controle,"092020,102020,112020"
CAPITAL,mora_na_capital,21,Município de São Luís (MA),Parte 1 - Identificação e Controle,"092020,102020,112020"
CAPITAL,mora_na_capital,22,Município de Teresina (PI),Parte 1 - Identificação e Controle,"092020,102020,112020"
CAPITAL,mora_na_capital,23,Município de Fortaleza (CE),Parte 1 - Identificação e Controle,"092020,102020,112020"
CAPITAL,mora_na_capital,24,Município de Natal (RN),Parte 1 - Identificação e Controle,"092020,102020,112020"
CAPITAL,mora_na_capital,25,Município de João Pessoa (PB),Parte 1 - Identificação e Controle,"092020,102020,112020"
CAPITAL,mora_na_capital,26,Município de Recife (PE),Parte 1 - Identificação e Controle,"092020,102020,112020"
CAPITAL,mora_na_capital,27,Município de Maceió (AL),Parte 1 - Identificação e Controle,"092020,102020,112020"
CAPITAL,mora_na_capital,28,Município de Aracaju (SE),Parte 1 - Identificação e Controle,"092020,102020,112020"
CAPITAL,mora_na_capital,29,Município de Salvador (BA),Parte 1 - Identificação e Controle,"092020,102020,112020"
CAPITAL,mora_na_capital,31,Município de Belo Horizonte (MG),Parte 1 - Identificação e Controle,"092020,102020,112020"
CAPITAL,mora_na_capital,32,Município de Vitória (ES),Parte 1 - Identificação e Controle,"092020,102020,112020"
CAPITAL,mora_na_capital,33,Município de Rio de Janeiro (RJ),Parte 1 - Identificação e Controle,"092020,102020,112020"
CAPITAL,mora_na_capital,35,Município de São Paulo (SP),Parte 1 - Identificação e Controle,"092020,102020,112020"
CAPITAL,mora_na_capital,41,Município de Curitiba (PR),Parte 1 - Identificação e Controle,"092020,102020,112020"
CAPITAL,mora_na_capital,42,Município de Florianópolis (SC),Parte 1 - Identificação e Controle,"092020,102020,112020"
CAPITAL,mora_na_capital,43,Município de Porto Alegre (RS),Parte 1 - Identificação e Controle,"092020,102020,112020"
CAPITAL,mora_na_capital,50,Município de Campo Grande (MS),Parte 1 - Identificação e Controle,"092020,102020,112020"
CAPITAL,mora_na_capital,51,Município de Cuiabá (MT),Parte 1 - Identificação e Controle,"092020,102020,112020"
CAPITAL,mora_na_capital,52,Município de Goiânia (GO),Parte 1 - Identificação e Controle,"092020,102020,112020"
CAPITAL,mora_na_capital,53,Município de Brasília (DF),Parte 1 - Identificação e Controle,"092020,102020,112020"
D0011,recebeu_aposentadoria_pensao,1,Sim,Parte D - Rendimento de outras fontes dos moradores de 14 anos ou mais de idade,"092020,102020,112020"
D0011,recebeu_aposentadoria_pensao,2,Não,Parte D - Rendimento de outras fontes dos moradores de 14 anos ou mais de idade,"092020,102020,112020"
D0013,valor_aposentadoria_pensao,,Não aplicável,Parte D - Rendimento de outras fontes dos moradores de 14 anos ou mais de idade,"092020,102020,112020"
D0021,rendimento_pensao_alimenticia_doacao_mesada_dinheiro_pessoa,1,Sim,Parte D - Rendimento de outras fontes dos moradores de 14 anos ou mais de idade,"092020,102020,112020"
D0021,rendimento_pensao_alimenticia_doacao_mesada_dinheiro_pessoa,2,Não,Parte D - Rendimento de outras fontes dos moradores de 14 anos ou mais de idade,"092020,102020,112020"
D0023,somatorio_valores_recebidos,,Não aplicável,Parte D - Rendimento de outras fontes dos moradores de 14 anos ou mais de idade,"092020,102020,112020"
D0031,recebeu_bolsa_familia,1,Sim,Parte D - Rendimento de outras fontes dos moradores de 14 anos ou mais de idade,"092020,102020,112020"
D0031,recebeu_bolsa_familia,2,Não,Parte D - Rendimento de outras fontes dos moradores de 14 anos ou mais de idade,"092020,102020,112020"
D0033,valor_bolsa_familia,,Não aplicável,Parte D - Rendimento de outras fontes dos moradores de 14 anos ou mais de idade,"092020,102020,112020"
D0041,recebeu_seguro_desemprego,1,Sim,Parte D - Rendimento de outras fontes dos moradores de 14 anos ou mais de idade,"092020,102020,112020"
D0041,recebeu_seguro_desemprego,2,Não,Parte D - Rendimento de outras fontes dos moradores de 14 anos ou mais de idade,"092020,102020,112020"
D0043,somatorio_valores_recebidos_2,,Não aplicável,Parte D - Rendimento de outras fontes dos moradores de 14 anos ou mais de idade,"092020,102020,112020"
D0051,recebeu_auxilio_emergencial,1,Sim,Parte D - Rendimento de outras fontes dos moradores de 14 anos ou mais de idade,"092020,102020,112020"
D0051,recebeu_auxilio_emergencial,2,Não,Parte D - Rendimento de outras fontes dos moradores de 14 anos ou mais de idade,"092020,102020,112020"
D0053,valor_auxilio_emergencial,,Não aplicável,Parte D - Rendimento de outras fontes dos moradores de 14 anos ou mais de idade,"092020,102020,112020"
D0061,seguro_desemprego,1,Sim,Parte D - Rendimento de outras fontes dos moradores de 14 anos ou mais de idade,"092020,102020,112020"
D0061,seguro_desemprego,2,Não,Parte D - Rendimento de outras fontes dos moradores de 14 anos ou mais de idade,"092020,102020,112020"
D0063,somatorio_valores_recebidos_3,,Não aplicável,Parte D - Rendimento de outras fontes dos moradores de 14 anos ou mais de idade,"092020,102020,112020"
D0071,rendimentos_aluguel_arrendamento_previdencia_privada_bolsa,1,Sim,Parte D - Rendimento de outras fontes dos moradores de 14 anos ou mais de idade,"092020,102020,112020"
D0071,rendimentos_aluguel_arrendamento_previdencia_privada_bolsa,2,Não,Parte D - Rendimento de outras fontes dos moradores de 14 anos ou mais de idade,"092020,102020,112020"
D0073,somatorio_valores_recebidos_4,,Não aplicável,Parte D - Rendimento de outras fontes dos moradores de 14 anos ou mais de idade,"092020,102020,112020"
E001,durante_periodo_pandemia_domicilio_solicitou_emprestimo,1,"Sim, e pelo menos um morador conseguiu",Parte E - Empréstimos,"092020,102020,112020"
E001,durante_periodo_pandemia_domicilio_solicitou_emprestimo,2,"Sim, mas nenhum morador conseguiu",Parte E - Empréstimos,"092020,102020,112020"
E001,durante_periodo_pandemia_domicilio_solicitou_emprestimo,3,Não solicitou,Parte E - Empréstimos,"092020,102020,112020"
E0021,emprestimo_adquirido_banco_financeira,,Não aplicável,Parte E - Empréstimos,"092020,102020,112020"
E0021,emprestimo_adquirido_banco_financeira,1,Sim,Parte E - Empréstimos,"092020,102020,112020"
E0021,emprestimo_adquirido_banco_financeira,2,Não,Parte E - Empréstimos,"092020,102020,112020"
E0022,emprestimo_adquirido_parente_amigo,,Não aplicável,Parte E - Empréstimos,"092020,102020,112020"
E0022,emprestimo_adquirido_parente_amigo,1,Sim,Parte E - Empréstimos,"092020,102020,112020"
E0022,emprestimo_adquirido_parente_amigo,2,Não,Parte E - Empréstimos,"092020,102020,112020"
E0023,emprestimo_adquirido_empregados_patrao,,Não aplicável,Parte E - Empréstimos,"092020,102020,112020"
E0023,emprestimo_adquirido_empregados_patrao,1,Sim,Parte E - Empréstimos,"092020,102020,112020"
E0023,emprestimo_adquirido_empregados_patrao,2,Não,Parte E - Empréstimos,"092020,102020,112020"
E0024,emprestimo_adquirido_local_pessoa,,Não aplicável,Parte E - Empréstimos,"092020,102020,112020"
E0024,emprestimo_adquirido_local_pessoa,1,Sim,Parte E - Empréstimos,"092020,102020,112020"
E0024,emprestimo_adquirido_local_pessoa,2,Não,Parte E - Empréstimos,"092020,102020,112020"
F001,domicilio,1,Próprio - já pago,Parte Suplementar 01 - Características da habitação,"092020,102020,112020"
F001,domicilio,2,Próprio - ainda pagando,Parte Suplementar 01 - Características da habitação,"092020,102020,112020"
F001,domicilio,3,Alugado,Parte Suplementar 01 - Características da habitação,"092020,102020,112020"
F001,domicilio,4,Cedido por empregador,Parte Suplementar 01 - Características da habitação,"092020,102020,112020"
F001,domicilio,5,Cedido por familiar,Parte Suplementar 01 - Características da habitação,"092020,102020,112020"
F001,domicilio,6,Cedido de outra forma,Parte Suplementar 01 - Características da habitação,"092020,102020,112020"
F001,domicilio,7,Outra condição,Parte Suplementar 01 - Características da habitação,"092020,102020,112020"
F0021,valor_mensal_aluguel_pago_ter_pago_mes_referencia,,Não aplicável,Parte Suplementar 01 - Características da habitação,"092020,102020,112020"
F0021,valor_mensal_aluguel_pago_ter_pago_mes_referencia,valor em reais,R$,Parte Suplementar 01 - Características da habitação,"092020,102020,112020"
F0022,numero_faixa_aluguel_pago,,Não aplicável,Parte Suplementar 01 - Características da habitação,"092020,102020,112020"
F0022,numero_faixa_aluguel_pago,0,1 - 100,Parte Suplementar 01 - Características da habitação,"092020,102020,112020"
F0022,numero_faixa_aluguel_pago,1,101 - 300,Parte Suplementar 01 - Características da habitação,"092020,102020,112020"
F0022,numero_faixa_aluguel_pago,2,301 - 600,Parte Suplementar 01 - Características da habitação,"092020,102020,112020"
F0022,numero_faixa_aluguel_pago,3,601 - 800,Parte Suplementar 01 - Características da habitação,"092020,102020,112020"
F0022,numero_faixa_aluguel_pago,4,801 - 1.600,Parte Suplementar 01 - Características da habitação,"092020,102020,112020"
F0022,numero_faixa_aluguel_pago,5,1.601 - 3.000,Parte Suplementar 01 - Características da habitação,"092020,102020,112020"
F0022,numero_faixa_aluguel_pago,6,3.001 - 10.000,Parte Suplementar 01 - Características da habitação,"092020,102020,112020"
F0022,numero_faixa_aluguel_pago,7,10.001 - 50.000,Parte Suplementar 01 - Características da habitação,"092020,102020,112020"
F0022,numero_faixa_aluguel_pago,8,50.001 - 100.000,Parte Suplementar 01 - Características da habitação,"092020,102020,112020"
F0022,numero_faixa_aluguel_pago,88,Aluguel a vencer,Parte Suplementar 01 - Características da habitação,"092020,102020,112020"
F0022,numero_faixa_aluguel_pago,9,Mais de 100.000,Parte Suplementar 01 - Características da habitação,"092020,102020,112020"
F002A1,domicilio_seguintes_itens_basicos_limpeza_protecao_sabao,1,Sim,Parte Suplementar 01 - Características da habitação,"092020,102020,112020"
F002A1,domicilio_seguintes_itens_basicos_limpeza_protecao_sabao,2,Não,Parte Suplementar 01 - Características da habitação,"092020,102020,112020"
F002A1,domicilio_seguintes_itens_basicos_limpeza_protecao_sabao,3,Não sabe,Parte Suplementar 01 - Características da habitação,"092020,102020,112020"
F002A2,domicilio_seguintes_itens_basicos_limpeza_protecao_alcool,1,Sim,Parte Suplementar 01 - Características da habitação,"092020,102020,112020"
F002A2,domicilio_seguintes_itens_basicos_limpeza_protecao_alcool,2,Não,Parte Suplementar 01 - Características da habitação,"092020,102020,112020"
F002A2,domicilio_seguintes_itens_basicos_limpeza_protecao_alcool,3,Não sabe,Parte Suplementar 01 - Características da habitação,"092020,102020,112020"
F002A3,domicilio_seguintes_itens_basicos_limpeza_protecao_mascaras,1,Sim,Parte Suplementar 01 - Características da habitação,"092020,102020,112020"
F002A3,domicilio_seguintes_itens_basicos_limpeza_protecao_mascaras,2,Não,Parte Suplementar 01 - Características da habitação,"092020,102020,112020"
F002A3,domicilio_seguintes_itens_basicos_limpeza_protecao_mascaras,3,Não sabe,Parte Suplementar 01 - Características da habitação,"092020,102020,112020"
F002A4,domicilio_seguintes_itens_basicos_limpeza_protecao_luvas,1,Sim,Parte Suplementar 01 - Características da habitação,"092020,102020,112020"
F002A4,domicilio_seguintes_itens_basicos_limpeza_protecao_luvas,2,Não,Parte Suplementar 01 - Características da habitação,"092020,102020,112020"
F002A4,domicilio_seguintes_itens_basicos_limpeza_protecao_luvas,3,Não sabe,Parte Suplementar 01 - Características da habitação,"092020,102020,112020"
F002A5,domicilio_seguintes_itens_basicos_limpeza_protecao_agua,1,Sim,Parte Suplementar 01 - Características da habitação,"092020,102020,112020"
F002A5,domicilio_seguintes_itens_basicos_limpeza_protecao_agua,2,Não,Parte Suplementar 01 - Características da habitação,"092020,102020,112020"
F002A5,domicilio_seguintes_itens_basicos_limpeza_protecao_agua,3,Não sabe,Parte Suplementar 01 - Características da habitação,"092020,102020,112020"
F006,numero_ordem_morador_prestou_informacoes,,Não aplicado,Parte Suplementar 01 - Características da habitação,"092020,102020,112020"
F006,numero_ordem_morador_prestou_informacoes,1 a 30,Número de ordem do morador,Parte Suplementar 01 - Características da habitação,"092020,102020,112020"
F0061,quem_respondeu_questionario,1,Pessoa moradora,Parte Suplementar 01 - Características da habitação,"092020,102020,112020"
F0061,quem_respondeu_questionario,2,Pessoa não moradora,Parte Suplementar 01 - Características da habitação,"092020,102020,112020"
F0061,quem_respondeu_questionario,9,Ignorado,Parte Suplementar 01 - Características da habitação,"092020,102020,112020"
RM_RIDE,mora_em_regiao_metropolitana,13,Região Metropolitana de Manaus (AM),Parte 1 - Identificação e Controle,"092020,102020,112020"
RM_RIDE,mora_em_regiao_metropolitana,15,Região Metropolitana de Belém (PA),Parte 1 - Identificação e Controle,"092020,102020,112020"
RM_RIDE,mora_em_regiao_metropolitana,16,Região Metropolitana de Macapá (AP),Parte 1 - Identificação e Controle,"092020,102020,112020"
RM_RIDE,mora_em_regiao_metropolitana,21,Região Metropolitana de Grande São Luís (MA),Parte 1 - Identificação e Controle,"092020,102020,112020"
RM_RIDE,mora_em_regiao_metropolitana,22,Região Administrativa Integrada de Desenvolvimento da Grande Teresina (PI),Parte 1 - Identificação e Controle,"092020,102020,112020"
RM_RIDE,mora_em_regiao_metropolitana,23,Região Metropolitana de Fortaleza (CE),Parte 1 - Identificação e Controle,"092020,102020,112020"
RM_RIDE,mora_em_regiao_metropolitana,24,Região Metropolitana de Natal (RN),Parte 1 - Identificação e Controle,"092020,102020,112020"
RM_RIDE,mora_em_regiao_metropolitana,25,Região Metropolitana de João Pessoa (PB),Parte 1 - Identificação e Controle,"092020,102020,112020"
RM_RIDE,mora_em_regiao_metropolitana,26,Região Metropolitana de Recife (PE),Parte 1 - Identificação e Controle,"092020,102020,112020"
RM_RIDE,mora_em_regiao_metropolitana,27,Região Metropolitana de Maceió (AL),Parte 1 - Identificação e Controle,"092020,102020,112020"
RM_RIDE,mora_em_regiao_metropolitana,28,Região Metropolitana de Aracaju (SE),Parte 1 - Identificação e Controle,"092020,102020,112020"
RM_RIDE,mora_em_regiao_metropolitana,29,Região Metropolitana de Salvador (BA),Parte 1 - Identificação e Controle,"092020,102020,112020"
RM_RIDE,mora_em_regiao_metropolitana,31,Região Metropolitana de Belo Horizonte (MG),Parte 1 - Identificação e Controle,"092020,102020,112020"
RM_RIDE,mora_em_regiao_metropolitana,32,Região Metropolitana de Grande Vitória (ES),Parte 1 - Identificação e Controle,"092020,102020,112020"
RM_RIDE,mora_em_regiao_metropolitana,33,Região Metropolitana de Rio de Janeiro (RJ),Parte 1 - Identificação e Controle,"092020,102020,112020"
RM_RIDE,mora_em_regiao_metropolitana,35,Região Metropolitana de São Paulo (SP),Parte 1 - Identificação e Controle,"092020,102020,112020"
RM_RIDE,mora_em_regiao_metropolitana,41,Região Metropolitana de Curitiba (PR),Parte 1 - Identificação e Controle,"092020,102020,112020"
RM_RIDE,mora_em_regiao_metropolitana,42,Região Metropolitana de Florianópolis (SC),Parte 1 - Identificação e Controle,"092020,102020,112020"
RM_RIDE,mora_em_regiao_metropolitana,43,Região Metropolitana de Porto Alegre (RS),Parte 1 - Identificação e Controle,"092020,102020,112020"
RM_RIDE,mora_em_regiao_metropolitana,51,Região Metropolitana de Vale do Rio Cuiabá (MT),Parte 1 - Identificação e Controle,"092020,102020,112020"
RM_RIDE,mora_em_regiao_metropolitana,52,Região Metropolitana de Goiânia (GO),Parte 1 - Identificação e Controle,"092020,102020,112020"
UF,uf,11,Rondônia,Parte 1 - Identificação e Controle,"092020,102020,112020"
UF,uf,12,Acre,Parte 1 - Identificação e Controle,"092020,102020,112020"
UF,uf,13,Amazonas,Parte 1 - Identificação e Controle,"092020,102020,112020"
UF,uf,14,Roraima,Parte 1 - Identificação e Controle,"092020,102020,112020"
UF,uf,15,Pará,Parte 1 - Identificação e Controle,"092020,102020,112020"
UF,uf,16,Amapá,Parte 1 - Identificação e Controle,"092020,102020,112020"
UF,uf,17,Tocantins,Parte 1 - Identificação e Controle,"092020,102020,112020"
UF,uf,21,Maranhão,Parte 1 - Identificação e Controle,"092020,102020,112020"
UF,uf,22,Piauí,Parte 1 - Identificação e Controle,"092020,102020,112020"
UF,uf,23,Ceará,Parte 1 - Identificação e Controle,"092020,102020,112020"
UF,uf,24,Rio Grande do Norte,Parte 1 - Identificação e Controle,"092020,102020,112020"
UF,uf,25,Paraíba,Parte 1 - Identificação e Controle,"092020,102020,112020"
UF,uf,26,Pernambuco,Parte 1 - Identificação e Controle,"092020,102020,112020"
UF,uf,27,Alagoas,Parte 1 - Identificação e Controle,"092020,102020,112020"
UF,uf,28,Sergipe,Parte 1 - Identificação e Controle,"092020,102020,112020"
UF,uf,29,Bahia,Parte 1 - Identificação e Controle,"092020,102020,112020"
UF,uf,31,Minas Gerais,Parte 1 - Identificação e Controle,"092020,102020,112020"
UF,uf,32,Espírito Santo,Parte 1 - Identificação e Controle,"092020,102020,112020"
UF,uf,33,Rio de Janeiro,Parte 1 - Identificação e Controle,"092020,102020,112020"
UF,uf,35,São Paulo,Parte 1 - Identificação e Controle,"092020,102020,112020"
UF,uf,41,Paraná,Parte 1 - Identificação e Controle,"092020,102020,112020"
UF,uf,42,Santa Catarina,Parte 1 - Identificação e Controle,"092020,102020,112020"
UF,uf,43,Rio Grande do Sul,Parte 1 - Identificação e Controle,"092020,102020,112020"
UF,uf,50,Mato Grosso do Sul,Parte 1 - Identificação e Controle,"092020,102020,112020"
UF,uf,51,Mato Grosso,Parte 1 - Identificação e Controle,"092020,102020,112020"
UF,uf,52,Goiás,Parte 1 - Identificação e Controle,"092020,102020,112020"
UF,uf,53,Distrito Federal,Parte 1 - Identificação e Controle,"092020,102020,112020"
V1008,id_domicilio,01 a 14,Número do domicílio,Parte 1 - Identificação e Controle,"092020,102020,112020"
V1013,mes_entrevista,01 a 12,Mês da pesquisa (janeiro a dezembro),Parte 1 - Identificação e Controle,"092020,102020,112020"
V1016,num_entrevista,1 a 99,Número da entrevista,Parte 1 - Identificação e Controle,"092020,102020,112020"
V1022,situacao_domicilio,1,Urbana,Parte 1 - Identificação e Controle,"092020,102020,112020"
V1022,situacao_domicilio,2,Rural,Parte 1 - Identificação e Controle,"092020,102020,112020"
V1023,tipo_area,1,Capital,Parte 1 - Identificação e Controle,"092020,102020,112020"
V1023,tipo_area,2,"Resto da RM (Região Metropolitana, excluindo a capital)",Parte 1 - Identificação e Controle,"092020,102020,112020"
V1023,tipo_area,3,"Resto da RIDE (Região Integrada de Desenvolvimento Econômico, excluindo a capital)",Parte 1 - Identificação e Controle,"092020,102020,112020"
V1023,tipo_area,4,"Resto da UF (Unidade da Federação, excluindo a região metropolitana e a RIDE)",Parte 1 - Identificação e Controle,"092020,102020,112020"
V1030,projecao_populacao,,Projeção da população do mês (referência: dia 15 do mês de referência da coleta),Parte 1 - Identificação e Controle,"092020,102020,112020"
V1031,peso_domicilio_pessoas,6 dígitos e 8 casas decimais,Peso mensal com correção de não entrevista sem pós estratificação pela projeção de população,Parte 1 - Identificação e Controle,"092020,102020,112020"
V1032,peso_amostral,6 dígitos e 8 casas decimais,Peso mensal com correção de não entrevista com pós estratificação pela projeção de população,Parte 1 - Identificação e Controle,"092020,102020,112020"
posest,pos_estrato,,"As 2 primeiras posições representam o código da Unidade da Federação, a terceira, o sexo do morador e a última, a faixa etária do morador. UF(2) + A003(1) + Faixa Etária com base na A002(1)",Parte 1 - Identificação e Controle,"092020,102020,112020"
