codigo_variavel,nome_semantico,descricao_variavel,bloco,tipo,dominio,tamanho,quesito,parte,meses
B002,buscou_atendimento_saude,"Por causa disso, foi a algum estabelecimento de saúde?",comportamento,integer,,1,B2,Parte B - COVID19 - Todos os moradores,"092020,102020,112020"
B0031,providencia_ficar_em_casa,Providência tomada para recuperar dos sintomas foi ficar em casa,comportamento,integer,,1,B3,Parte B - COVID19 - Todos os moradores,"092020,102020,112020"
B0032,providencia_ligar_profissional_saude,Providência tomada para recuperar dos sintomas foi ligar para algum profissional de saúde,comportamento,integer,,1,B3,Parte B - COVID19 - Todos os moradores,"092020,102020,112020"
B0033,providencia_comprar_remedio_conta_propria,Providência tomada para recuperar dos sintomas foi comprar e/ou tomar remédio por conta própria,comportamento,integer,,1,B3,Parte B - COVID19 - Todos os moradores,"092020,102020,112020"
B0034,providencia_comprar_remedio_orientacao_medica,Providência tomada para recuperar dos sintomas foi comprar e/ou tomar remédio por orientação médica,comportamento,integer,,1,B3,Parte B - COVID19 - Todos os moradores,"092020,102020,112020"
B0035,providencia_visita_profissional_sus,"Providência tomada para recuperar dos sintomas foi receber visita de algum profissional de saúde do SUS (equipe de saúde da família, agente comunitário, etc.)",comportamento,integer,,1,B3,Parte B - COVID19 - Todos os moradores,"092020,102020,112020"
B006,foi_sedado_entubado_internacao,"Durante a internação, foi sedado, entubado e colocado em respiração artificial com ventilador",comportamento,integer,,1,B6,Parte B - COVID19 - Todos os moradores,"092020,102020,112020"
B007,tem_plano_saude_bloco_b,"Tem algum plano de saúde médico, seja particular, de empresa ou de órgão público",comportamento,integer,,1,B7,Parte B - COVID19 - Todos os moradores,"092020,102020,112020"
C001,trabalhou_na_semana,"Na semana passada, por pelo menos uma hora, trabalhou ou fez algum bico?",comportamento,integer,,1,C1,Parte C - Características de trabalho das pessoas de 14 anos ou mais de idade,"092020,102020,112020"
C002,estava_afastado_com_vinculo,"Na semana passada, estava temporariamente afastado de algum trabalho?",comportamento,integer,,1,C2,Parte C - Características de trabalho das pessoas de 14 anos ou mais de idade,"092020,102020,112020"
C003,motivo_afastamento,Qual o principal motivo deste afastamento temporário?,comportamento,integer,,1,C3,Parte C - Características de trabalho das pessoas de 14 anos ou mais de idade,"092020,102020,112020"
C004,continuou_recebendo_remuneracao,Continuou a ser remunerado (mesmo que parcialmente) por esse trabalho,comportamento,integer,,1,C4,Parte C - Características de trabalho das pessoas de 14 anos ou mais de idade,"092020,102020,112020"
C014,contribui_inss,O(A) Sr(a) contribui para o INSS?,comportamento,integer,,1,C14,Parte C - Características de trabalho das pessoas de 14 anos ou mais de idade,"092020,102020,112020"
C007C,tipo_trabalho_cargo_funcao,"Que tipo de trabalho, cargo ou função você realiza no seu trabalho (único ou principal)?",economico,integer,,2,C7c,Parte C - Características de trabalho das pessoas de 14 anos ou mais de idade,"092020,102020,112020"
C008,horas_habituais_trabalhadas,"Quantas horas, por semana, normalmente trabalhava?",economico,integer,,3,C8,Parte C - Características de trabalho das pessoas de 14 anos ou mais de idade,"092020,102020,112020"
C009,horas_efetivas_trabalhadas,"Quantas horas, na semana passada, de fato trabalhou?",economico,integer,,3,C9,Parte C - Características de trabalho das pessoas de 14 anos ou mais de idade,"092020,102020,112020"
C010,quanto_recebia_habitualmente,Quanto recebia (ou retirava) normalmente em todos os seus trabalhos,economico,integer,,1,C10,Parte C - Características de trabalho das pessoas de 14 anos ou mais de idade,"092020,102020,112020"
C011A,renda_habitual_trabalho_principal,Quanto recebia (ou retirava) efetivamente em todos os seus trabalhos,economico,double,,1,C11A,Parte C - Características de trabalho das pessoas de 14 anos ou mais de idade,"092020,102020,112020"
C011A12,renda_efetiva_trabalho_principal,Valor em dinheiro,economico,double,,8,C11A,Parte C - Características de trabalho das pessoas de 14 anos ou mais de idade,"092020,102020,112020"
D0011,recebeu_aposentadoria_pensao,Rendimento recebido de aposentadoria e pensão por todos os moradores,economico,integer,,1,D1,Parte D - Rendimento de outras fontes dos moradores de 14 anos ou mais de idade,"092020,102020,112020"
D0013,valor_aposentadoria_pensao,Somatório dos valores recebidos,economico,double,valor em reais,8,D1,Parte D - Rendimento de outras fontes dos moradores de 14 anos ou mais de idade,"092020,102020,112020"
D0031,recebeu_bolsa_familia,Rendimentos de Programa Bolsa Família,economico,integer,,1,D1,Parte D - Rendimento de outras fontes dos moradores de 14 anos ou mais de idade,"092020,102020,112020"
D0033,valor_bolsa_familia,Somatório dos valores recebidos,economico,double,valor em reais,8,D1,Parte D - Rendimento de outras fontes dos moradores de 14 anos ou mais de idade,"092020,102020,112020"
D0041,recebeu_seguro_desemprego,"No mês de ... (mês de referência), ... recebeu rendimentos de Benefício Assistencial de Prestação Continuada – BPC-LOAS?",economico,integer,,1,D1,Parte D - Rendimento de outras fontes dos moradores de 14 anos ou mais de idade,"092020,102020,112020"
D0051,recebeu_auxilio_emergencial,Auxílios emergenciais relacionados ao coronavirus,economico,integer,,1,D1,Parte D - Rendimento de outras fontes dos moradores de 14 anos ou mais de idade,"092020,102020,112020"
D0053,valor_auxilio_emergencial,Somatório dos valores recebidos,economico,double,valor em reais,8,D1,Parte D - Rendimento de outras fontes dos moradores de 14 anos ou mais de idade,"092020,102020,112020"
E001,durante_periodo_pandemia_domicilio_solicitou_emprestimo,Durante o período da pandemia alguém deste domicílio solicitou algum empréstimo?,emprestimos,integer,,1,E1,Parte E - Empréstimos,"092020,102020,112020"
E0021,emprestimo_adquirido_banco_financeira,Este empréstimo foi adquirido com banco ou financeira,emprestimos,integer,,1,E2,Parte E - Empréstimos,"092020,102020,112020"
E0022,emprestimo_adquirido_parente_amigo,Este empréstimo foi adquirido com parente ou amigo,emprestimos,integer,,1,E2,Parte E - Empréstimos,"092020,102020,112020"
E0023,emprestimo_adquirido_empregados_patrao,Este empréstimo foi adquirido com empregados ou patrão,emprestimos,integer,,1,E2,Parte E - Empréstimos,"092020,102020,112020"
E0024,emprestimo_adquirido_local_pessoa,Este empréstimo foi adquirido com outro local ou pessoa,emprestimos,integer,,1,E2,Parte E - Empréstimos,"092020,102020,112020"
F001,domicilio,Este domicílio é:,habitacao,integer,,1,F1,Parte Suplementar 01 - Características da habitação,"092020,102020,112020"
F0021,valor_mensal_aluguel_pago_ter_pago_mes_referencia,"Qual foi o valor mensal do aluguel pago, ou que deveria ter sido pago, no mês de referência?",habitacao,integer,,8,F2,Parte Suplementar 01 - Características da habitação,"092020,102020,112020"
F0022,numero_faixa_aluguel_pago,Número da faixa do aluguel pago,habitacao,integer,,2,F2,Parte Suplementar 01 - Características da habitação,"092020,102020,112020"
F002A1,domicilio_seguintes_itens_basicos_limpeza_protecao_sabao,No seu domicílio há os seguintes itens básicos de limpeza e proteção: sabão ou detergente,habitacao,integer,,1,F2a,Parte Suplementar 01 - Características da habitação,"092020,102020,112020"
F002A2,domicilio_seguintes_itens_basicos_limpeza_protecao_alcool,No seu domicílio há os seguintes itens básicos de limpeza e proteção: álcool 70% ou superior (gel ou líquido),habitacao,integer,,1,F2a,Parte Suplementar 01 - Características da habitação,"092020,102020,112020"
F002A3,domicilio_seguintes_itens_basicos_limpeza_protecao_mascaras,No seu domicílio há os seguintes itens básicos de limpeza e proteção: máscaras,habitacao,integer,,1,F2a,Parte Suplementar 01 - Características da habitação,"092020,102020,112020"
F002A4,domicilio_seguintes_itens_basicos_limpeza_protecao_luvas,No seu domicílio há os seguintes itens básicos de limpeza e proteção: luvas descartáveis,habitacao,integer,,1,F2a,Parte Suplementar 01 - Características da habitação,"092020,102020,112020"
F002A5,domicilio_seguintes_itens_basicos_limpeza_protecao_agua,No seu domicílio há os seguintes itens básicos de limpeza e proteção: água sanitária ou desinfetante,habitacao,integer,,1,F2a,Parte Suplementar 01 - Características da habitação,"092020,102020,112020"
F006,numero_ordem_morador_prestou_informacoes,Número de ordem do morador que prestou as informações,habitacao,integer,,2,F6,Parte Suplementar 01 - Características da habitação,"092020,102020,112020"
F0061,quem_respondeu_questionario,Quem respondeu ao questionário?,habitacao,integer,,2,F61,Parte Suplementar 01 - Características da habitação,"092020,102020,112020"
A001,id_morador,Número de ordem,id,string,01 a 30,2,A1,Parte A - Características gerais dos moradores,"092020,102020,112020"
Ano,ano_referencia,Ano de referência,id,integer,,4,,Parte 1 - Identificação e Controle,"092020,102020,112020"
Estrato,estrato,Estrato,id,integer,Estrato,7,,Parte 1 - Identificação e Controle,"092020,102020,112020"
UF,uf,Unidade da Federação,id,string,,2,,Parte 1 - Identificação e Controle,"092020,102020,112020"
UPA,upa,UPA,id,integer,UPA - Unidade primária de amostragem,15,,Parte 1 - Identificação e Controle,"092020,102020,112020"
V1008,id_domicilio,Número de seleção do domicílio,id,string,,2,,Parte 1 - Identificação e Controle,"092020,102020,112020"
V1012,semana_mes,Semana no mês,id,integer,1 a 4,1,,Parte 1 - Identificação e Controle,"092020,102020,112020"
V1013,mes_entrevista,Mês da pesquisa,id,integer,1 a 12,2,,Parte 1 - Identificação e Controle,"092020,102020,112020"
V1016,num_entrevista,Número da entrevista no domicílio,id,integer,,1,,Parte 1 - Identificação e Controle,"092020,102020,112020"
V1022,situacao_domicilio,Situação do domicílio,id,integer,,1,,Parte 1 - Identificação e Controle,"092020,102020,112020"
V1023,tipo_area,Tipo de área,id,integer,,1,,Parte 1 - Identificação e Controle,"092020,102020,112020"
V1030,projecao_populacao,Projeção da população,id,integer,,9,,Parte 1 - Identificação e Controle,"092020,102020,112020"
V1031,peso_domicilio_pessoas,Peso do domicílio e das pessoas,id,integer,inteiro de 15 dígitos,15,,Parte 1 - Identificação e Controle,"092020,102020,112020"
A001A,condicao_domicilio,Condição no domicílio,perfil,integer,,2,A1a,Parte A - Características gerais dos moradores,"092020,102020,112020"
A001B1,dia_nascimento,Dia de nascimento,perfil,integer,,2,A1b,Parte A - Características gerais dos moradores,"092020,102020,112020"
A001B2,mes_nascimento,Mês de nascimento,perfil,integer,,2,A1b,Parte A - Características gerais dos moradores,"092020,102020,112020"
A001B3,ano_nascimento,Ano de nascimento,perfil,integer,,4,A1b,Parte A - Características gerais dos moradores,"092020,102020,112020"
A002,idade,Idade do morador,perfil,integer,,3,A2,Parte A - Características gerais dos moradores,"092020,102020,112020"
A003,sexo,Sexo,perfil,integer,,1,A3,Parte A - Características gerais dos moradores,"092020,102020,112020"
A004,cor_raca,Cor ou raça,perfil,integer,,1,A4,Parte A - Características gerais dos moradores,"092020,102020,112020"
A005,escolaridade,Escolaridade,perfil,integer,,1,A5,Parte A - Características gerais dos moradores,"092020,102020,112020"
A006,tem_plano_saude,Frequenta escola,perfil,integer,,1,A6,Parte A - Características gerais dos moradores,"092020,102020,112020"
A006A,escola_escola_faculdade_frequenta_publica_privada,A escola / escola ou faculdade que frequenta é pública ou privada?,perfil,integer,,1,A6a,Parte A - Características gerais dos moradores,112020
A006B,aulas_presenciais,Você está tendo aulas presenciais?,perfil,integer,,1,A6b,Parte A - Características gerais dos moradores,112020
A007,area_urbana_rural,"Na semana passada, _____ foram disponibilizadas atividades escolares para realizar em casa?",perfil,integer,,1,A7,Parte A - Características gerais dos moradores,"092020,102020,112020"
A007A,nao_realizou_atividades_disponibilizadas_semana_passada,Por que não realizou as atividades disponibilizadas na semana passada?,perfil,integer,,1,A7a,Parte A - Características gerais dos moradores,112020
A008,semana_passada_quantos_dias_dedicou_atividades_escolares,"Na semana passada, em quantos dias _____ dedicou-se às atividades escolares?",perfil,integer,,1,A8,Parte A - Características gerais dos moradores,"092020,102020,112020"
A009,semana_passada_quanto_tempo_dia_gastou_fazendo_atividades,"Na semana passada, quanto tempo por dia ____ gastou fazendo as atividades escolares? escolares?",perfil,integer,,1,A9,Parte A - Características gerais dos moradores,"092020,102020,112020"
CAPITAL,mora_na_capital,Capital,perfil,integer,,2,,Parte 1 - Identificação e Controle,"092020,102020,112020"
RM_RIDE,mora_em_regiao_metropolitana,Região Metropolitana e Região Administrativa Integrada de Desenvolvimento,perfil,integer,,2,,Parte 1 - Identificação e Controle,"092020,102020,112020"
V1032,peso_amostral,Peso do domicílio e das pessoas,peso,double,,15,,Parte 1 - Identificação e Controle,"092020,102020,112020"
posest,pos_estrato,Domínios de projeção,peso,string,,4,,Parte 1 - Identificação e Controle,"092020,102020,112020"
D0021,rendimento_pensao_alimenticia_doacao_mesada_dinheiro_pessoa,"Rendimento de pensão alimentícia, doação ou mesada em dinheiro de pessoa que não morava no domicílio",rendimento,integer,,1,D1,Parte D - Rendimento de outras fontes dos moradores de 14 anos ou mais de idade,"092020,102020,112020"
D0023,somatorio_valores_recebidos,Somatório dos valores recebidos,rendimento,integer,valor em reais,8,D1,Parte D - Rendimento de outras fontes dos moradores de 14 anos ou mais de idade,"092020,102020,112020"
D0043,somatorio_valores_recebidos_2,Somatório dos valores recebidos,rendimento,integer,valor em reais,8,D1,Parte D - Rendimento de outras fontes dos moradores de 14 anos ou mais de idade,"092020,102020,112020"
D0061,seguro_desemprego,Seguro desemprego,rendimento,integer,,1,D1,Parte D - Rendimento de outras fontes dos moradores de 14 anos ou mais de idade,"092020,102020,112020"
D0063,somatorio_valores_recebidos_3,Somatório dos valores recebidos,rendimento,integer,valor em reais,8,D1,Parte D - Rendimento de outras fontes dos moradores de 14 anos ou mais de idade,"092020,102020,112020"
D0071,rendimentos_aluguel_arrendamento_previdencia_privada_bolsa,"Outros rendimentos, como aluguel, arrendamento, previdência privada, bolsa de estudos, rendimentos de aplicação financeira etc.",rendimento,integer,,1,D1,Parte D - Rendimento de outras fontes dos moradores de 14 anos ou mais de idade,"092020,102020,112020"
D0073,somatorio_valores_recebidos_4,Somatório dos valores recebidos,rendimento,integer,valor em reais,8,D1,Parte D - Rendimento de outras fontes dos moradores de 14 anos ou mais de idade,"092020,102020,112020"
B0011,sintoma_febre,Na semana passada teve febre?,saude,integer,,1,B1,Parte B - COVID19 - Todos os moradores,"092020,102020,112020"
B00110,sintoma_dor_olhos,Na semana passada teve dor nos olhos?,saude,integer,,1,B1,Parte B - COVID19 - Todos os moradores,"092020,102020,112020"
B00111,sintoma_perda_olfato_paladar,Na semana passada teve perda de cheiro ou sabor?,saude,integer,,1,B1,Parte B - COVID19 - Todos os moradores,"092020,102020,112020"
B00112,sintoma_dor_muscular,Na semana passada teve dor muscular?,saude,integer,,1,B1,Parte B - COVID19 - Todos os moradores,"092020,102020,112020"
B00113,semana_passada_teve_diarreia,Na semana passada teve diarreia?,saude,integer,,1,B1,Parte B - COVID19 - Todos os moradores,"092020,102020,112020"
B0012,sintoma_tosse,Na semana passada teve tosse?,saude,integer,,1,B1,Parte B - COVID19 - Todos os moradores,"092020,102020,112020"
B0013,sintoma_dor_garganta,Na semana passada teve dor de garganta?,saude,integer,,1,B1,Parte B - COVID19 - Todos os moradores,"092020,102020,112020"
B0014,sintoma_dificuldade_respirar,Na semana passada teve dificuldade para respirar?,saude,integer,,1,B1,Parte B - COVID19 - Todos os moradores,"092020,102020,112020"
B0015,sintoma_dor_cabeca,Na semana passada teve dor de cabeça?,saude,integer,,1,B1,Parte B - COVID19 - Todos os moradores,"092020,102020,112020"
B0016,sintoma_dor_peito,Na semana passada teve dor no peito?,saude,integer,,1,B1,Parte B - COVID19 - Todos os moradores,"092020,102020,112020"
B0017,sintoma_nausea,Na semana passada teve náusea?,saude,integer,,1,B1,Parte B - COVID19 - Todos os moradores,"092020,102020,112020"
B0018,sintoma_nariz_entupido,Na semana passada teve nariz entupido ou escorrendo?,saude,integer,,1,B1,Parte B - COVID19 - Todos os moradores,"092020,102020,112020"
B0019,sintoma_fadiga,Na semana passada teve fadiga?,saude,integer,,1,B1,Parte B - COVID19 - Todos os moradores,"092020,102020,112020"
B0036,providencia_tomada_recuperar_sintomas_receber_visita,Providência tomada para recuperar dos sintomas foi receber visita de profissional de saúde particular,saude,integer,,1,B3,Parte B - COVID19 - Todos os moradores,"092020,102020,112020"
B0037,providencia_tomada_recuperar_sintomas,Providência tomada para recuperar dos sintomas foi outra,saude,integer,,1,B3,Parte B - COVID19 - Todos os moradores,"092020,102020,112020"
B0041,local_buscou_atendimento_posto_saude_unidade_basica_saude,"Local que buscou atendimento foi posto de saúde/Unidade básica de saúde /Equipe de Saúde da Família (médico, enfermeiro, técnico de enfermagem ou agente comunitário de saúde)",saude,integer,,1,B4,Parte B - COVID19 - Todos os moradores,"092020,102020,112020"
B0042,local_buscou_atendimento_pronto_socorro_sus_upa,Local que buscou atendimento foi pronto socorro do SUS/UPA,saude,integer,,1,B4,Parte B - COVID19 - Todos os moradores,"092020,102020,112020"
B0043,local_buscou_atendimento_hospital_sus,Local que buscou atendimento foi hospital do SUS,saude,integer,,1,B4,Parte B - COVID19 - Todos os moradores,"092020,102020,112020"
B0044,local_buscou_atendimento_ambulatorio_consultorio_privado,Local que buscou atendimento foi ambulatório ou consultório privado ou ligado às forças armadas,saude,integer,,1,B4,Parte B - COVID19 - Todos os moradores,"092020,102020,112020"
B0045,local_buscou_atendimento_pronto_socorro_privado_ligado,Local que buscou atendimento foi pronto socorro privado ou ligado às forças armadas,saude,integer,,1,B4,Parte B - COVID19 - Todos os moradores,"092020,102020,112020"
B0046,local_buscou_atendimento_hospital_privado_ligado_forcas,Local que buscou atendimento foi hospital privado ou ligado às forças armadas,saude,integer,,1,B4,Parte B - COVID19 - Todos os moradores,"092020,102020,112020"
B005,foi_sedado_intubado,"Ao procurar o hospital, teve que ficar internado por um dia ou mais",saude,integer,,1,B5,Parte B - COVID19 - Todos os moradores,"092020,102020,112020"
B008,fez_teste_covid,O(A) Sr(a) fez algum teste para saber se estava infectado(a) pelo coronavírus?,saude,integer,,1,B8,Parte B - COVID19 - Todos os moradores,"092020,102020,112020"
B009A,fez_exame_coletado_cotonete_boca_nariz_swab,Fez o exame coletado com cotonete na boca e/ou nariz (SWAB)?,saude,integer,,1,B9A,Parte B - COVID19 - Todos os moradores,"092020,102020,112020"
B009B,resultado,Qual o resultado?,saude,integer,,1,B9B,Parte B - COVID19 - Todos os moradores,"092020,102020,112020"
B009C,fez_exame_coleta_sangue_atraves_furo_dedo,Fez o exame de coleta de sangue através de furo no dedo?,saude,integer,,1,B9C,Parte B - COVID19 - Todos os moradores,"092020,102020,112020"
B009D,resultado_2,Qual o resultado?,saude,integer,,1,B9D,Parte B - COVID19 - Todos os moradores,"092020,102020,112020"
B009E,fez_exame_coleta_sangue_atraves_veia_braco,Fez o exame de coleta de sangue através da veia da braço?,saude,integer,,1,B9E,Parte B - COVID19 - Todos os moradores,"092020,102020,112020"
B009F,resultado_teste_positivo,Qual o resultado?,saude,integer,,1,B9F,Parte B - COVID19 - Todos os moradores,"092020,102020,112020"
B0101,medico_deu_diagnostico_diabetes,Algum médico já lhe deu o diagnóstico de diabetes?,saude,integer,,1,B10,Parte B - COVID19 - Todos os moradores,"092020,102020,112020"
B0102,medico_deu_diagnostico_hipertensao,Algum médico já lhe deu o diagnóstico de hipertensão?,saude,integer,,1,B10,Parte B - COVID19 - Todos os moradores,"092020,102020,112020"
B0103,medico_deu_diagnostico_asma_bronquite_enfisema_doencas,Algum médico já lhe deu o diagnóstico de asma/bronquite/enfisema/doenças respiratória crônica ou doença de pulmão?,saude,integer,,1,B10,Parte B - COVID19 - Todos os moradores,"092020,102020,112020"
B0104,medico_deu_diagnostico_doencas_coracao_infarto_angina,"Algum médico já lhe deu o diagnóstico de doenças do coração (infarto, angina, insuficiência cardíaca, arritmia)?",saude,integer,,1,B10,Parte B - COVID19 - Todos os moradores,"092020,102020,112020"
B0105,medico_deu_diagnostico_depressao,Algum médico já lhe deu o diagnóstico de depressão?,saude,integer,,1,B10,Parte B - COVID19 - Todos os moradores,"092020,102020,112020"
B0106,medico_deu_diagnostico_cancer,Algum médico já lhe deu o diagnóstico de câncer?,saude,integer,,1,B10,Parte B - COVID19 - Todos os moradores,"092020,102020,112020"
B011,restricao_contato_pessoas_pandemia,"Qual foi o resultado do teste? Na semana passada, devido à pandemia do Coronavírus, em que medida o(a) Sr(a) restringiu o contato com as pessoas?",saude,integer,,1,B11,Parte B - COVID19 - Todos os moradores,"092020,102020,112020"
C005,quanto_tempo_afastado_trabalho,Há quanto tempo está afastado desse trabalho?,trabalho,integer,,1,C5,Parte C - Características de trabalho das pessoas de 14 anos ou mais de idade,"092020,102020,112020"
C0051,tempo_afastado_1_mes_1_ano,tempo que estava afastado (De 1 mês a menos de 1 ano),trabalho,integer,,2,C5,Parte C - Características de trabalho das pessoas de 14 anos ou mais de idade,"092020,102020,112020"
C0052,tempo_afastado_1_ano_2_anos,tempo que estava afastado (De 1 ano a menos de 2 anos),trabalho,integer,,2,C5,Parte C - Características de trabalho das pessoas de 14 anos ou mais de idade,"092020,102020,112020"
C0053,tempo_afastado_02_anos_98_anos,tempo que estava afastado (de 02 anos a 98 anos),trabalho,integer,,2,C5,Parte C - Características de trabalho das pessoas de 14 anos ou mais de idade,"092020,102020,112020"
C006,trabalho,Tem mais de um trabalho,trabalho,integer,,1,C6,Parte C - Características de trabalho das pessoas de 14 anos ou mais de idade,"092020,102020,112020"
C007,trabalho_unico_principal_semana,"No trabalho (único ou principal) que tinha nessa semana, era:",trabalho,integer,,2,C7,Parte C - Características de trabalho das pessoas de 14 anos ou mais de idade,"092020,102020,112020"
C007A,trabalho_area,Esse trabalho era na área:,trabalho,integer,,1,C7a,Parte C - Características de trabalho das pessoas de 14 anos ou mais de idade,"092020,102020,112020"
C007B,tem_carteira_assinada,Tem carteira de trabalho assinada ou é funcionário público estatutário?,trabalho,integer,,1,C7b,Parte C - Características de trabalho das pessoas de 14 anos ou mais de idade,"092020,102020,112020"
C007D,principal_atividade_local_empresa_trabalha,Qual é a principal atividade do local ou empresa em que você trabalha?,trabalho,integer,,2,C7d,Parte C - Características de trabalho das pessoas de 14 anos ou mais de idade,"092020,102020,112020"
C007E,semana_passada_quantos_empregados_trabalhavam_negocio,"Na semana passada, quantos empregados trabalhavam nesse negócio/empresa que ... tinha ?",trabalho,integer,,1,C7e,Parte C - Características de trabalho das pessoas de 14 anos ou mais de idade,"092020,102020,112020"
C007E1,1_5_empregados,1 a 5 empregados,trabalho,integer,,1,C7e,Parte C - Características de trabalho das pessoas de 14 anos ou mais de idade,"092020,102020,112020"
C007E2,6_10_empregados,6 a 10 empregados,trabalho,integer,,2,C7e,Parte C - Características de trabalho das pessoas de 14 anos ou mais de idade,"092020,102020,112020"
C007F,trabalho_unico_principal_semana_contrato_trabalho_suspenso,"No trabalho (único ou principal) que tinha nessa semana, o(a) Sr(a) estava com o contrato de trabalho suspenso?",trabalho,integer,,1,C18,Parte C - Características de trabalho das pessoas de 14 anos ou mais de idade,"092020,102020,112020"
C009A,semana_passada_gostaria_ter_trabalhado_horas_fato,"Na semana passada, o(a) Sr(a) gostaria de ter trabalhado mais horas do que as de fato trabalhadas?",trabalho,integer,,1,C9a,Parte C - Características de trabalho das pessoas de 14 anos ou mais de idade,"092020,102020,112020"
C0101,recebia_retirava_normalmente_dinheiro,Recebia/retirava normalmente em dinheiro,trabalho,integer,,1,C10,Parte C - Características de trabalho das pessoas de 14 anos ou mais de idade,"092020,102020,112020"
C01011,numero_faixa_rendimento_retirada_dinheiro,Número da faixa do rendimento/retirada em dinheiro,trabalho,integer,,2,C10,Parte C - Características de trabalho das pessoas de 14 anos ou mais de idade,"092020,102020,112020"
C01012,valor_dinheiro,Valor em dinheiro,trabalho,integer,,8,C10,Parte C - Características de trabalho das pessoas de 14 anos ou mais de idade,"092020,102020,112020"
C0102,recebia_normalmente_produtos_mercadorias,Recebia normalmente em produtos e mercadorias,trabalho,integer,,1,C10,Parte C - Características de trabalho das pessoas de 14 anos ou mais de idade,"092020,102020,112020"
C01021,numero_faixa_rendimento_retirada_produtos_mercadorias,Número da faixa do rendimento/retirada em produtos e mercadorias,trabalho,integer,,2,C10,Parte C - Características de trabalho das pessoas de 14 anos ou mais de idade,"092020,102020,112020"
C01022,valor_produtos_mercadorias,Valor em produtos e mercadorias,trabalho,integer,,8,C10,Parte C - Características de trabalho das pessoas de 14 anos ou mais de idade,"092020,102020,112020"
C0103,recebia_normalmente_somente_beneficios,Recebia normalmente somente em benefícios,trabalho,integer,,1,C10,Parte C - Características de trabalho das pessoas de 14 anos ou mais de idade,"092020,102020,112020"
C0104,nao_remunerado,Era não remunerado,trabalho,integer,,1,C10,Parte C - Características de trabalho das pessoas de 14 anos ou mais de idade,"092020,102020,112020"
C011A1,recebia_retirava_efetivamente_dinheiro,Recebia/retirava efetivamente em dinheiro,trabalho,integer,,1,C11A,Parte C - Características de trabalho das pessoas de 14 anos ou mais de idade,"092020,102020,112020"
C011A11,numero_faixa_rendimento_retirada_dinheiro_2,Número da faixa do rendimento/retirada em dinheiro,trabalho,integer,,2,C11A,Parte C - Características de trabalho das pessoas de 14 anos ou mais de idade,"092020,102020,112020"
C011A2,recebia_efetivamente_produtos_mercadorias,Recebia efetivamente em produtos e mercadorias,trabalho,integer,,1,C11A,Parte C - Características de trabalho das pessoas de 14 anos ou mais de idade,"092020,102020,112020"
C011A21,numero_faixa_rendimento_retirada_produtos_mercadorias_2,Número da faixa do rendimento/retirada em produtos e mercadorias,trabalho,integer,,2,C11A,Parte C - Características de trabalho das pessoas de 14 anos ou mais de idade,"092020,102020,112020"
C011A22,valor_produtos_mercadorias_2,Valor em produtos e mercadorias,trabalho,integer,,8,C11A,Parte C - Características de trabalho das pessoas de 14 anos ou mais de idade,"092020,102020,112020"
C012,maior_parte_tempo_semana_passada_trabalho_unico_principal,"Na maior parte do tempo, na semana passada, esse trabalho (único ou principal) foi exercido no mesmo local em que costuma trabalhar?",trabalho,integer,,1,C12,Parte C - Características de trabalho das pessoas de 14 anos ou mais de idade,"092020,102020,112020"
C013,fez_home_office,"Na semana passada, o(a) Sr(a) estava em trabalho remoto (home office ou teletrabalho)?",comportamento,integer,,1,C13,Parte C - Características de trabalho das pessoas de 14 anos ou mais de idade,"092020,102020,112020"
C015,procurou_trabalho_semana,Na semana passada ___ tomou alguma providência efetiva para conseguir trabalho?,comportamento,integer,,1,C15,Parte C - Características de trabalho das pessoas de 14 anos ou mais de idade,"092020,102020,112020"
C016,principal_motivo_nao_ter_procurado_trabalho_semana_passada,Qual o principal motivo de não ter procurado trabalho na semana passada?,trabalho,integer,,2,C16,Parte C - Características de trabalho das pessoas de 14 anos ou mais de idade,"092020,102020,112020"
C017A,embora_nao_tenha_procurado_trabalho_gostaria_ter_trabalhado,"Embora você não tenha procurado trabalho, gostaria de ter trabalhado na semana passada?",trabalho,integer,,1,C17a,Parte C - Características de trabalho das pessoas de 14 anos ou mais de idade,"092020,102020,112020"
